"CASE"	"SERIAL"	"REF"	"QUESTNNR"	"MODE"	"STARTED"	"BEGRUESS"	"GESCHL"	"ALTER"	"NACHRICHT_NUTZ"	"NACHRICHT_TITEL"	"NACHRICHT_TITEL1"	"NACHRICHT_TITEL2"	"NACHRICHT_TITEL3"	"NACHRICHT_TITEL4"	"NACHRICHT_TITEL5"	"NACHRICHT_TITEL6"	"NACHRICHT_TITEL7"	"NACHRICHT_TITEL8"	"NACHRICHT_TITEL9"	"NACHRICHT_TITEL10"	"NACHRICHT_TITEL11"	"NACHRICHT_TITEL12"	"NACHRICHT_TITEL13"	"NACHRICHT_TITEL14"	"NACHRICHT_TITEL15"	"NACHRICHT_TITEL16"	"NACHRICHT_TITEL17"	"NACHRICHT_TITEL18"	"NACHRICHT_TITEL19"	"M112_20"	"M112_21"	"M112_22"	"M112_23"	"M112_23a"	"NACHRICHT_ZEIT"	"THEMA_SPRECHEN"	"M113_06"	"THEMA_WICHTIG"	"THEMA_WICHTIG1"	"THEMA_WICHTIG2"	"THEMA_WICHTIG3"	"THEMA_WICHTIG4"	"THEMA_WICHTIG5"	"THEMA_WICHTIG6"	"THEMA_WICHTIG7"	"THEMA_WICHTIG8"	"THEMA_WICHTIG9"	"THEMA_WICHTIG10"	"THEMA_WICHTIG11"	"HAUFIGKEIT_01"	"HAUFIGKEIT_02"	"HAUFIGKEIT_03"	"HAUFIGKEIT_04"	"HAUFIGKEIT_05"	"Erinn_Meld1"	"Erinn_Meld2"	"Erinn_Meld3"	"ERINN_WICHTIG1"	"ERINN_WICHTIG2"	"ERINN_WICHTIG3"	"ERINN_INTERESSE1"	"ERINN_INTERESSE2"	"ERINN_INTERESSE3"	"PERS_REL"	"POLITIK"	"PROMINENZ"	"SCHLAG_PROMINENZ"	"SCHLAG_AUSLAND"	"SCHLAG_TECHNIK"	"SCHLAG_POLITIK"	"PLZ"	"BILDUNG"	"BILDUNG_SONST"	"ANMERK"	"INTERVIEWER"	"VERSTAENDNIS"	"ERNSTHAFT"	"S_IP"	"S_LANG"	"S_REFERR"	"S_BROWSR"	"TIME001"	"TIME002"	"TIME003"	"TIME004"	"TIME005"	"TIME006"	"TIME007"	"TIME008"	"TIME009"	"TIME010"	"TIME011"	"TIME012"	"TIME014"	"TIME015"	"TIME016"	"TIME017"	"TIME018"	"TIME019"	"TIME020"	"TIME021"	"TIME022"	"TIME023"	"TIME024"	"TIME025"	"TIME026"	"TIME027"	"TIME028"	"TIME029"	"TIME030"	"TIME_SUM"	"MAILSENT"	"LASTDATA"	"FINISHED"	"Q_VIEWER"	"LASTPAGE"	"MAXPAGE"	"MISSING"	"MISSREL"	"TIME_RSI"	"DEG_TIME"
189			"base"	"interview"	2021-11-26 15:31:29	1	2	87	1	3	F	T	F	F	F	F	F	F	F	F	F	F	F	T	F	F	F	F	T	F	F	F	F		2	1		1	F	F	T	F	F	F		F		F		3	2	3	1	3	"asd"	"asdf"	"qwewf"	5	5	5	4	4	4	1	3	5	5	2	2	2	"2345"	1		"sfdgh"	8	1	1					5	2	2	3	1	3	4	2	2	2	5	5	2	3	3	4	2	2	2	2	2	1	2	0	2	2	2	1	2	70		2021-11-26 15:32:39	T	F	30	30	0	0	2.94	320
193			"base"	"interview"	2021-11-27 07:44:58	1	1	37	1	3	F	F	F	F	F	T	F	T	F	F	F	F	F	F	F	F	F	F	F	F	F	F	T	"Der Reihntaler"	2	3		3	T	T	F	F	F	T	"Pflegenotstand"	F		F		5	3	-1	3	3	"300 Reichste Menschen in CH"	"Südafrikanische Variante Corona"	"Lockdown und Impfzwang Österreich"	3	3	4	3	2	5	2	4	1	1	3	2	4	"9100"	4			16	1	1					20	5	1011	8	16	54	103	9	45	99	129	72	32	82	53	34	33	15	15	22	13	14	14	8	6	36	75	135	9	931		2021-11-27 08:21:05	T	F	30	30	3	0	0.7	3
194			"base"	"interview"	2021-11-27 08:21:56	1	2	81	1	1	F	F	F	F	F	T	F	F	F	F	F	F	F	F	F	F	F	F	F	F	F	F	F		1	3		3	T	T	F	T	F	F		F		F		4	2	-1	1	2	"Südafrikanische Variante"	"Joe Biden nicht so beliebt"	"Elon Musk Vermögen in Welthunger einsetzten"	5	2	4	3	3	2	2	5	5	4	4	5	3	"9100"	2			16	1	1					4	3	80	5	6	10	25	11	33	66	113	101	31	40	31	17	11	10	9	18	10	19	12	4	8	15	15	2	65	718		2021-11-27 08:34:50	T	F	30	30	3	1	1.12	12
195			"base"	"interview"	2021-11-27 08:37:20	1	1	48	1	4	T	F	T	F	F	F	F	T	F	F	F	F	F	F	F	F	F	F	F	F	F	F	T	"Appenzeller Zeitung, Spiegel"	1	5		3	T	T	F	F	F	T	"Ampel-Regierung DE"	F		F		5	3	2	4	3	"Covid: Bund Kanton Schlagabtausch"	"Ampel-Wahl DE"	"Impfzwang CH"	4	4	4	2	3	4	1	5	1	2	3	4	5	"9100"	4			16	1	1					6	2	42	21	1	8	99	8	10	43	57	67	27	43	43	10	12	7	8	15	7	12	8	2	4	7	3	2	14	588		2021-11-27 08:47:08	T	F	30	30	3	0	1.54	35
196			"base"	"interview"	2021-11-27 08:47:13	1	2	49	1	7	T	T	T	T	F	F	F	T	F	F	F	F	F	F	F	F	F	F	F	F	F	T	T	"Appenzeller Zeitung, #12"	1	5		3	T	T	F	T	F	F		F		F		3	3	-1	1	1	"Booster-Impfung"	"Abstimmungen: Covid"	"Flüchtlingskatastrophe Ärmelkanal"	5	4	5	5	5	5	1	5	2	1	3	4	5	"9100"	2			16	1	1					6	4	6	13	2	9	65	6	9	25	58	90	31	30	27	36	15	7	6	11	11	12	7	2	4	9	5	2	6	514		2021-11-27 08:55:47	T	F	30	30	3	1	1.6	34
197			"base"	"interview"	2021-11-27 08:51:07	1	2	56	1	4	F	F	T	F	F	T	T	F	F	F	F	F	F	F	F	F	F	F	F	F	F	F	T	"Tagesschau, Echo der Zeit"	1	5		3	T	F	F	F	F	T	"Grundwerte der Menschenrechte, Demokratie"	T	"wirtschaftliche Lage der Schweiz"	F		5	3	3	3	2	"Mangelware Magnesium wurde von europäischen Käufern, die chinesische Produktion den europäischen Vorgezogen "	"Afrikanische Coronamutation "	"Alltag eines Intensivpatienten "	5	4	4	5	1	1	1	2	1	1	3	2	4	"5506"	4		"Nein"	10	2	1					23	6	72	11	6	9	56	11	19	63	88	294	87	88	58	36	70	26	14	19	15	16	16	7	7	15	19	18	36	851		2021-11-27 09:11:13	T	F	30	30	0	0	0.71	2
198			"base"	"interview"	2021-11-27 08:55:53	1	1	36	1	4	T	F	T	F	F	F	F	T	F	F	F	F	F	F	F	F	F	F	F	F	F	F	T	"Spiegel"	1	5		3	T	F	F	F	F	T	"EU und CH Verhältnis"	T	"Armee"	F		4	2	3	2	3	"Neue Covid-Variante"	"Regierungsbidung DE"	"Abstimmungen: Covid"	4	2	5	3	4	5	1	5	2	1	4	3	4	"9100"	5	"Promotion"		16	1	1					681	2	446	8	3	7	62	8	13	42	61	37	12	42	27	15	16	10	6	14	12	11	9	2	9	15	8	2	11	497		2021-11-27 09:22:24	T	F	30	30	3	0	1.35	22
200			"base"	"interview"	2021-11-27 10:03:56	1	2	29	1	2	F	F	F	F	F	T	F	F	F	T	F	F	F	F	F	F	F	F	F	F	F	F	F		1	5		3	T	T	F	T	F	F		F		F		4	3	3	4	5	"Drama am Ärmelkanal - Streit zwischen Grossbritannien und Frankreich"	"Coronavirus - Lockdown in Österreich"		5	5	-9	4	4	-9	1	4	3	4	5	3	3	"7000"	2			14	2	1					9	11	88	16	5	6	41	11	12	107	83	262	122	243	37	15	14	15	11	25	12	12	19	5	8	18	11	4	32	941		2021-11-27 10:24:50	T	F	30	30	11	8	0.86	4
201			"base"	"interview"	2021-11-27 10:06:38	1	2	8	1	2	F	F	F	T	F	F	F	F	F	F	F	F	F	F	F	F	F	F	F	F	F	F	T	"Affoltern Anzeiger"	1	4		3	T	F	F	F	T	T	"Wetter"	F		F		3	3	3	3	3	"Neue Variante"	"Wetter in anderen Ländern"	"Flüchtlingsproblem"	5	3	5	5	3	5	2	3	3	3	3	1	2	"8906"	1			8	1	1					6	1779	35	11	5	16	25	19	40	27	139	43	30	69	47	34	17	12	10	28	23	30	23	6	5	37	40	21	3	789		2021-11-27 10:49:38	T	F	30	30	3	0	0.93	11
203			"base"	"interview"	2021-11-27 10:25:25	1	1	31	1	4	F	F	F	T	F	T	F	F	F	T	F	F	F	F	F	F	F	F	F	F	F	F	T	"ORF"	1	5		3	T	F	F	T	F	T	"Gewalt gegen Frauen"	F		F		5	4	4	4	5	"Flüchtlingsdrama Ärmelkanal"	"Flugzeugbeschaffung - 6 statt 3 Mia."	"Schweiz qualifiziert sich für wm"	5	4	3	3	4	4	1	4	2	2	4	3	5	"7000"	2			14	1	1					7	4	85	11	7	8	31	10	22	26	61	51	33	35	35	11	11	11	11	17	20	12	11	9	8	9	8	4	51	577		2021-11-27 10:35:44	T	F	30	30	3	0	1.14	13
204			"base"	"interview"	2021-11-27 10:28:33	1	2	50	1	3	T	T	F	F	F	F	F	F	F	F	F	F	F	F	F	F	F	F	F	F	F	F	T	"Tagesschau, Tele Züri"	2	5		3	T	T	F	T	F	F		F		F		5	5	3	3	1	"Abstimmungen in der Schweiz"	"Coronanachrichten"	"deutsche Wahlen "	3	3	1	3	3	1	1	3	4	3	5	4	4	"8052"	3		"Nein"	10	1	1					4	8	174	15	7	9	39	10	14	44	62	104	29	69	36	12	14	19	17	31	10	22	13	15	12	10	37	6	70	701		2021-11-27 10:43:45	T	F	30	30	0	0	0.91	7
205			"base"	"interview"	2021-11-27 10:29:52	1	2	81	1	4	F	F	T	F	F	T	F	T	F	F	F	F	F	F	F	F	F	F	F	F	F	F	T	"Herisauer Zeitung"	1	4		3	T	T	F	F	F	T	"Psychische Gesundheit im Sport"	F		F		4	3	-1	2	2	"Corona-Zahlen"	"Absage Skirennen Herren"	"Neue Massnahmen bezürlich Corona"	4	1	4	4	3	4	1	4	2	2	5	1	3	"9100"	3			16	1	1					5	3	108	6	5	8	106	10	56	158	87	101	23	57	41	17	27	13	8	25	12	13	12	2	5	9	13	1	5	936		2021-11-27 10:45:28	T	F	30	30	3	0	1.16	16
206			"base"	"interview"	2021-11-27 10:32:21	1	2	56	1	2	F	F	T	F	F	T	F	F	F	F	F	F	F	F	F	F	F	F	F	F	F	F	F		1	5		3	T	T	F	F	F	T	"Schneefall"	F		F		5	3	3	1	3	"Neue Covid-Mutation aus Südafrika"	"Lockdown in Österreich"	"Soldaten von Armee gekündigt wegen Impfverweigerung"	4	3	3	5	4	3	1	3	3	2	3	1	2	"8153"	4			19	1	1					17	25	51	15	8	15	30	15	25	40	58	119	34	49	57	11	25	21	13	32	37	40	35	10	13	18	18	11	32	801		2021-11-27 10:46:55	T	F	30	30	3	1	0.71	3
207			"base"	"interview"	2021-11-27 10:47:41	1	1	39	1	3	F	F	F	F	F	T	F	F	F	F	F	F	F	F	F	F	F	F	F	T	T	F	F		2	3		3	T	F	F	F	F	T	"Wetter"	T	"keine Ahnung"	F		5	2	-1	2	3	"Polizeiticker"	"Corona Abstimmung"		3	5	-1	3	2	-2	1	1	3	1	4	1	4	"8051"	2			13	1	1					119	4	16	12	9	16	80	14	42	70	69	215	39	76	51	27	59	14	8	13	20	27	19	2	6	10	8	2	16	910		2021-11-27 11:05:24	T	F	30	30	5	3	0.91	8
208			"base"	"interview"	2021-11-27 10:49:43	1	1	19	1	2	F	F	T	T	F	F	F	F	F	F	F	F	F	F	F	F	F	F	F	F	F	F	F		2	4		3	T	T	F	F	F	T	"Fussball"	F		F		4	4	3	1	3	"Schweiz an der WM"	"Boosterimpfung bald für alle "		4	5	-2	4	5	-2	1	3	3	1	4	1	2	"8154"	1			19	2	1					29	29	88	18	9	34	30	16	35	42	61	81	48	58	46	17	29	28	19	40	34	54	43	11	17	23	21	12	17	876		2021-11-27 11:06:12	T	F	30	30	6	3	0.61	2
209			"base"	"interview"	2021-11-27 10:51:29	1	1	46	1	3	T	T	F	F	F	T	F	F	F	F	F	F	F	F	F	F	F	F	F	F	F	F	F		2	3		3	T	F	F	F	F	T	"Beziehungen zur EU"	T	"Finanzpolitik"	F		5	4	3	2	2	"Neues Virus in Südafrika"	"Kursrutsch an der Börse"	"Skirennen in Lake Louis konnte nicht stattfinden"	5	2	2	4	3	2	1	5	2	1	2	3	4	"8630"	2			14	1	1					5	3	4	8	2	17	48	14	24	105	71	115	29	46	34	13	9	8	9	14	9	11	21	5	5	7	10	1	4	651		2021-11-27 11:02:21	T	F	30	30	3	0	1.39	30
210			"base"	"interview"	2021-11-27 10:53:33	1	1	81	1	2	T	F	F	F	F	T	F	F	F	F	F	F	F	F	F	F	F	F	F	F	F	F	F		2	5		3	T	F	F	T	F	T	"deutsche Wahlen "	F		F		3	3	2	3	2	"Berset spricht über Spitalplätze/Intensivbetten "	"Frankreich gibt es Schlepper, die Flüchtlinge nach GB bringen. GB verlangt nun von Frankreich, dass sie die stärker gegen Schlepper vorgehen. "	"BP will Klimaneutral sein "	4	2	1	4	3	3	1	4	1	1	2	5	2	"5400"	3		"Nein"	10	1	1					5	4	70	11	7	10	22	19	21	62	99	129	29	57	37	19	16	10	13	22	18	15	38	9	11	19	35	8	4	796		2021-11-27 11:07:12	T	F	30	30	0	0	0.92	6
211			"base"	"interview"	2021-11-27 11:07:33	1	2	11	1	2	F	F	T	F	F	F	F	F	F	F	F	F	F	F	F	F	F	F	F	F	F	F	T	"Tele Züri"	1	4		3	T	F	F	T	F	T	"Politik "	F		F		3	3	3	4	2	"Mutation des Virus"	"Pflegeinitiative"	"Österreich Lock down"	5	5	5	5	5	5	1	5	3	4	5	1	3	"8051"	2			13	1	1					235	3	48	10	4	4	58	24	21	55	108	185	34	45	25	35	17	12	9	21	11	29	27	3	3	17	19	2	5	843		2021-11-27 11:25:23	T	F	30	30	3	0	1.07	13
212			"base"	"interview"	2021-11-27 11:15:11	1	1	82	1	4	F	F	T	F	F	T	F	F	F	F	F	F	F	F	F	F	F	F	F	T	F	F	T	"New York Times"	1	5		3	T	T	F	F	T	F		F		F		5	3	2	1	3	"1-jahres Arbeitsvisum für Australien"	"Armeeangehörige wurden entlassen da sie sich weigerten sich zu impfen"	"Lebron James und Stewart von Spielt entlassen nach Ausseinandersetzung"	3	4	1	4	2	5	1	5	5	2	4	2	1	"8153"	3			19	1	1					18	40	61	17	6	12	35	15	40	23	72	195	25	47	38	11	21	17	13	35	39	33	33	8	10	13	20	20	13	853		2021-11-27 11:30:42	T	F	30	30	3	1	0.77	4
213			"base"	"interview"	2021-11-27 11:19:54	1	1	80	1	6	T	T	T	T	T	T	F	F	F	F	F	F	F	F	F	F	F	F	F	F	F	F	F		1	5		3	T	T	F	F	F	T	"Sport"	F		F		5	3	2	1	1	"Südafrika Variante"	"Warum der FCZ Meister werden kann"	"bekannter Schweizerimpfgegner liegt im Koma"	5	1	4	5	5	5	1	5	2	1	3	3	2	"8050"	3			8	1	1					7	4	39	7	5	6	34	9	10	74	47	90	30	32	15	13	11	8	7	16	13	9	17	7	9	8	11	21	3	545		2021-11-27 11:29:17	T	F	30	30	3	1	1.32	20
214			"base"	"interview"	2021-11-27 11:24:34		2																																																																				3							11	3																												14		2021-11-27 11:24:48	F	F	2	2	0	0	1.24	17
215			"base"	"interview"	2021-11-27 11:27:37																																																																						3							7	5088																												12		2021-11-27 12:52:32	F	F	2	2	0	0	0.64	7
216			"base"	"interview"	2021-11-27 11:28:58	1	2	77	1	3	T	T	T	F	F	F	F	F	F	F	F	F	F	F	F	F	F	F	F	F	F	F	F		3	1		3	T	T	F	F	F	T	"Gleichgeschlechtliche Ehe"	F		F		5	3	2	1	2	"Corona"			4	-9	-9	2	-9	-9	1	3	1	1	3	1	4	"8610"	3			14	1	1					6	1299	4	13	6	22	22	22	14	91	55	41	22	62	28	26	24	10	12	15	15	19	13	2	8	6	67	2	11	588		2021-11-27 12:01:15	T	F	30	30	19	16	1.17	23
217			"base"	"interview"	2021-11-27 11:48:27	1	1	53	1	5	T	F	T	F	F	T	T	F	T	F	F	F	F	F	F	F	F	F	F	F	F	F	F		1	5		3	T	F	F	F	F	T	"gesellschaftliche Enwticklung durch die Pandemie "	T	"Wirtschaft und Aussenpolitik"	F		5	1	3	5	3	"Neue Virusvariante"	"Arbeitsmarktsituation in der Schweiz"	"Abstimmungsinformation"	3	5	3	2	4	4	2	4	1	1	2	3	5	"5506"	4		"Nein"	10	1	1					4	3	16	16	6	6	61	8	9	57	53	53	31	59	41	13	15	6	10	17	10	9	8	8	7	24	10	4	12	576		2021-11-27 11:58:03	T	F	30	30	0	0	1.27	18
218			"base"	"interview"	2021-11-27 11:57:50	1	2	80	1	4	T	F	T	F	F	T	F	F	F	F	F	F	F	F	F	F	F	F	F	F	T	F	F		2	3		3	T	T	F	T	F	F		F		F		5	3	4	2	2	"Coronazahlen steigen"	"Nein Stimmen zum Covid Gesetz"	"Bundeswahlen in Deutschland"	4	3	2	3	1	1	1	4	2	3	4	2	2	"8050"	3			13	1	1					8	3	18	6	6	11	55	17	37	34	54	80	34	48	36	14	21	8	10	21	12	11	16	4	9	8	9	2	19	611		2021-11-27 12:08:01	T	F	30	30	3	1	1.14	11
219			"base"	"interview"	2021-11-27 12:08:33	1	2	47	1	4	F	T	F	T	F	T	F	F	F	F	F	F	F	F	F	F	F	F	F	F	F	F	T	"Linth Zeitung"	2	4		3	T	F	F	F	F	T	"Bundeskanzler Deutschland"	T	"Afghanistan-Thematik"	F		3	2	3	3	3	"Wolfrudel "	"Virus in Südafrika"	"Regierungsprogramm in Deutschland"	4	5	3	5	5	5	2	4	1	2	2	4	4	"8640"	4			14	2	1					6	284	5	363	4	18	60	8	32	83	157	115	24	108	39	18	15	16	11	56	17	44	16	3	7	15	29	2	6	865		2021-11-27 12:34:34	T	F	30	30	3	0	0.93	12
220			"base"	"interview"	2021-11-27 12:27:12	1	2	78	1	4	T	F	T	F	F	T	F	F	F	F	F	F	F	F	F	F	F	F	F	T	F	F	F		1	5		3	T	T	F	F	F	T	"Fussball"	F		F		5	2	3	3	3	"Mutation, Corona"	"Zertifikat Weihnachtsmarkt"	"Absperrung Bundeshaus"	4	3	3	4	3	4	1	4	3	2	3	3	3	"4052"	1			9	1	1					9	30	14	14	3	6	23	9	17	31	29	66	23	22	13	32	7	9	5	12	11	10	12	4	7	35	5	1	22	481		2021-11-27 12:35:13	T	F	30	30	3	1	1.49	31
221			"base"	"interview"	2021-11-27 12:30:32	1	2	46	1	3	F	F	F	F	F	T	F	F	F	F	F	F	F	F	F	F	F	F	F	F	T	F	T	"Beobachter, Ktipp, Microsoft Start"	1	3		3	T	T	F	F	F	T	"Generelle Gesellschaftliche, Wirtschaftliche und Politische Entwicklung"	F		F		4	3	4	4	2	"Neue Corona Regelungen Österreich und Deutschland"	"Meinungsumfragen Abstimmungen (Covid- Gesetz)"	"Vulkanausbruch La Palma"	4	5	3	3	4	3	1	4	3	4	5	2	4	"6340"	2			15	1	1					553	6	79	23	3	24	187	11	29	89	77	185	27	80	133	26	25	15	17	16	14	29	21	2	9	24	42	2	13	971		2021-11-27 12:59:53	T	F	30	30	3	0	0.77	5
222			"base"	"interview"	2021-11-27 12:34:39	1	2	82	1	4	F	F	T	T	F	F	F	F	F	F	F	F	F	F	F	F	F	F	F	T	F	F	T	"Bluewin-App"	1	5		3	T	T	F	F	F	T	"WM-Qualifikation"	F		F		4	2	3	1	1	"Covid-Gesetz-Abstimmung"	"Lara Gut ist geimpft"	"Frau ist mit dem Auto in den Schuhladen gefahren"	5	1	1	4	1	2	1	2	4	3	2	3	2	"8730"	3		"Klar und deutliche Umfrage!"	14	1	1					5	275	14	6	21	8	40	24	11	55	82	89	21	42	25	12	10	25	12	17	13	14	15	2	8	12	24	30	33	609		2021-11-27 12:50:24	T	F	30	30	0	0	1.07	13
223			"base"	"interview"	2021-11-27 12:52:16	1	1	82	1	5	T	F	F	T	T	F	F	F	F	T	F	F	F	F	F	F	F	F	F	F	F	F	T	"HockeyFans"	1	5		3	T	T	T	F	F	F		F		F		4	3	2	2	1	"Zukunft des EHC Chur"	"Rekorde eines NHL-Spielers"	"Corona"	1	1	5	5	3	4	1	2	1	1	3	2	3	"7000"	2			14	1	1					4	606	8	13	36	14	32	13	20	48	90	77	61	51	25	13	13	19	12	18	12	22	15	3	13	28	10	27	38	657		2021-11-27 13:14:37	T	F	30	30	3	1	0.98	10
224			"base"	"interview"	2021-11-27 12:52:45																																																																						3							4																													4		2021-11-27 12:52:49	F	F	1	1	0	0	2.25	63
225			"base"	"interview"	2021-11-27 13:06:30	1	1	79	1	3	T	F	T	F	F	F	F	F	F	F	F	F	F	F	F	F	F	F	F	T	F	F	F		1	4		4	T	T	F	F	T	T	"Militär"	F		F		3	1	2	3	3	"Abstimmungen - Justizinitiative"	"Spitalauslastung, Intensivstationen"		5	3	-9	5	3	-9	1	4	2	1	5	3	4	"8645"	1			6	1	1					36	4	33	7	6	26	53	23	29	77	83	99	55	63	41	18	27	9	13	19	15	13	25	10	12	14	23	44	62	846		2021-11-27 13:22:09	T	F	30	30	11	8	0.76	2
226			"base"	"interview"	2021-11-27 13:10:13	1	2	84	1	3	T	F	F	T	F	T	F	F	F	F	F	F	F	F	F	F	F	F	F	F	F	F	F		2	3		3	T	T	F	F	F	T	"Aktuelles"	F		F		4	2	2	3	2	"Die 100 reichsten Schweizer haben während Corona stark Prodit gemacht"	"Österreich im Lockdown"	"Handelsabkommen mit China"	5	5	5	5	4	2	1	2	2	1	5	3	4	"8620"	1		"Bezüglich Schulabschluss: Ist im letzten Jahr der Matur"	4	1	1					7	3	59	9	4	15	62	12	56	88	194	121	37	107	83	80	44	33	14	20	20	18	18	6	15	30	148	121	44	901		2021-11-27 13:34:41	T	F	30	30	0	0	0.65	2
227			"base"	"interview"	2021-11-27 13:11:44	1	1	21	1	3	F	F	F	T	F	F	F	F	F	F	F	F	F	F	F	F	F	F	F	F	F	T	T	"Reddit"	1	2		3	T	T	F	F	F	T	"Bundesrat"	F		F		3	2	5	2	2				4	-1	-1	1	-9	-9	2	3	1	1	3	2	3	"8006"	3			13	1	1					15	5	17	18	1	5	40	12	32	83	70	76	34	41	28	24	12	7	9	16	14	21	26	2	9	10	9	1	18	655		2021-11-27 13:22:39	T	F	30	30	16	13	1.21	20
229			"base"	"interview"	2021-11-27 13:17:32	1	1	83	1	2	F	F	F	T	F	F	F	F	F	F	F	F	F	F	F	F	F	F	F	T	F	F	F		2	5		3	T	F	F	F	F	T	"Beziehungen zur EU"	T	"Fussball"	F		5	2	1	2	5	"8000 Coronafälle pro Tag in der Schweiz"	"PSG hat gegen ManCity verloren"	"Österreich führt Impfzwang ein"	4	1	3	2	3	4	2	4	2	1	3	2	5	"8640"	3			14	1	1					25	164	3	7	9	40	39	212	33	216	59	69	23	55	35	12	30	8	5	27	20	28	10	2	5	5	20	5	11	629		2021-11-27 13:37:09	T	F	30	30	3	0	1.07	24
230			"base"	"interview"	2021-11-27 13:23:16	1	1	80	1	2	T	F	T	F	F	F	F	F	F	F	F	F	F	F	F	F	F	F	F	F	F	F	F		1	5		3	T	F	F	F	F	T	"Fussball"	T	"Auslandspolitik"	F		4	2	5	3	2	"Neue Coronavariante"	"Aktiencrash"	"Covid-Abstimmung"	4	2	4	2	5	4	1	3	1	1	2	4	1	"8135"	3			8	1	1					19	3	365	5	5	9	13	9	15	54	57	35	28	53	19	14	15	8	8	15	9	18	10	5	9	8	10	5	3	485		2021-11-27 13:37:03	T	F	30	30	3	0	1.37	23
231			"base"	"interview"	2021-11-27 13:24:08	1	2	37	1	2	F	F	T	F	F	F	F	F	F	F	F	F	F	F	F	F	F	F	F	F	F	F	T	"Zürcher Tagblatt, Migros Zeitung"	2	5		3	T	T	F	F	F	T	"Nachhaltigkeit"	F		F		5	3	-1	5	3	"Impfzwang"	"Flüchtlinge aus dem Irak"	"Tempo 30"	5	1	5	5	5	2	1	3	5	2	5	1	1	"8051"	2			13	1	1					7	3	14	13	9	7	75	84	25	30	60	233	34	31	21	16	17	8	15	18	10	9	15	2	4	9	20	5	4	726		2021-11-27 13:37:26	T	F	30	30	3	0	1.21	17
232			"base"	"interview"	2021-11-27 13:24:57		1																																																																				6							7	7																												14		2021-11-27 13:25:11	F	F	2	2	0	0	1	7
233			"base"	"interview"	2021-11-27 13:36:39	1	2	47	1	2	T	F	F	F	F	T	F	F	F	F	F	F	F	F	F	F	F	F	F	F	F	F	F		1	5		2	T	T	F	F	F	F		F		F		5	3	3	1	3	"Zunehmender Einfluss Chinas"	"Neue CoVid-Variante"	"Zustand der Flüchtlinge an weissrussischen Grenze"	5	5	4	5	5	5	1	5	1	1	3	2	5	"8032"	4		"Allgemein wird zu viel über CoVid berichtet. Problematisch, weil andere Themen in den Hintergrund gelangen. "	6	1	1					30	36	80	17	3	12	32	31	11	38	81	51	43	47	17	16	12	20	12	17	18	22	21	8	9	10	53	40	11	671		2021-11-27 13:49:58	T	F	30	30	0	0	0.92	9
234			"base"	"interview"	2021-11-27 13:42:28	1	1	86	1	2	F	F	F	F	F	F	F	F	F	F	F	F	F	F	F	F	F	F	F	T	F	T	F		1	3		3	T	T	F	F	F	T	"Politik allgemein"	F		F		3	2	1	2	2	"Österreich impfpflicht"	"Covid Zahlen steigen"	"Abstimmung Covid Gesetz"	4	5	5	4	4	4	1	3	2	3	2	1	3	"7130"	1			13	1	1					7	80	17	10	7	4	54	11	36	54	75	55	33	37	23	15	13	10	10	18	16	12	19	3	19	15	10	10	11	609		2021-11-27 13:53:52	T	F	30	30	3	1	1.05	10
235			"base"	"interview"	2021-11-27 13:43:33	1	1	26	1	3	T	F	F	F	F	T	F	F	T	F	F	F	F	F	F	F	F	F	F	F	F	F	F		1	5		3	T	F	F	F	F	T	"AHV"	T	"impfen"	F		5	3	3	5	4	"Mathis vom BAG der Quatsch erzählt"	"Corona Massnahmen mit den Airlines und Einreise in Afrika"	"Abstimmungen"	1	3	3	1	5	3	1	4	1	1	3	3	5	"6006"	2			3	1	1					4	2	43	12	2	7	43	18	32	40	59	70	20	95	52	91	28	9	5	21	12	14	12	5	23	9	22	5	62	677		2021-11-27 13:57:10	T	F	30	30	3	0	1.07	13
236			"base"	"interview"	2021-11-27 13:51:43	1	1	84	1	3	F	F	T	F	T	F	F	F	F	F	F	F	F	F	F	F	F	F	F	T	F	F	F		3	4		2	T	F	F	F	T	F		F		F		4	2	2	1	3	"Weissrussische Grenze"	"Sport - CEO von Kloten zurückgetreten"	"Neue (südafrikanische) Virusvariante"	4	1	3	5	5	2	1	4	2	1	3	2	1	"8620"	1		"Die eine Frage (15) war verwirrend "	6	1	2					6	3	17	6	3	22	51	83	48	50	211	141	39	57	26	55	21	18	13	10	11	10	10	4	10	6	31	32	5	765		2021-11-27 14:08:22	T	F	30	30	0	0	1.03	13
237			"base"	"interview"	2021-11-27 13:56:32	1	1	23	1	1	F	T	F	F	F	F	F	F	F	F	F	F	F	F	F	F	F	F	F	F	F	F	F		1	4		3	T	F	F	F	F	T	"Kampfflugzeuge"	T	"Fussball"	F		5	4	1	5	2	"Kampfflugzeuge viel teurer"	"Impfverweigerer im Koma"	"Frauennationalmannschaft hat Italien besiegt"	4	2	3	4	5	3	1	2	2	1	4	1	4	"8906"	2			8	1	1					23	2	30	10	9	6	13	7	17	27	55	59	27	54	26	18	11	7	8	17	8	11	12	4	5	28	10	7	4	515		2021-11-27 14:05:08	T	F	30	30	3	0	1.36	22
238			"base"	"interview"	2021-11-27 14:00:19	1	1	16	1	2	F	T	F	F	F	T	F	F	F	F	F	F	F	F	F	F	F	F	F	F	F	F	F		1	4		3	T	F	F	T	F	T	"AHV/BVG"	F		F		5	3	5	4	2	"Flüchtlingsunglück im Ärmelkanal"	"Bilanz vom Schwaller"	"Neue Covid-Variante aus Afrika"	2	3	4	2	3	1	2	4	1	2	3	1	4	"8484"	2			4	1	1					6	4	38	12	6	10	29	12	23	28	77	79	27	63	60	32	16	17	13	24	16	16	15	6	19	19	45	17	24	753		2021-11-27 14:12:52	T	F	30	30	3	1	0.87	4
239			"base"	"interview"	2021-11-27 14:00:31	1	1	48	1	3	F	T	T	F	F	T	F	F	F	F	F	F	F	F	F	F	F	F	F	F	F	F	F		1	5		3	T	T	F	T	F	F		F		F		4	3	3	2	3	"Neue Virusmutation Südafrika"	"Deutschland und Österreich verhängen Lockdown"	"Kampfjets kosten 6 Mrd. statt 5 Mrd."	4	5	3	5	5	4	2	4	2	1	4	5	3	"8645"	4			12	1	1					7	11	80	17	7	15	106	12	32	125	75	66	38	61	28	40	25	25	15	28	16	17	25	6	13	20	64	12	15	949		2021-11-27 14:17:13	T	F	30	30	3	1	0.69	2
240			"base"	"interview"	2021-11-27 14:11:35	1	1	79	1	4	F	F	T	F	F	F	F	F	F	F	F	F	F	F	F	F	F	F	F	T	T	F	T	"BBC"	1	4		3	T	T	F	F	F	T	"Ehe für Alle (immer noch)"	F		F		4	2	3	2	3	"Proteste zu Corona (Schweiz und international)"	"Australien - Quarantänezwang für Nicht-Geimpfte"		5	4	-9	5	5	-9	1	3	2	1	4	5	2	"8702"	1			6	1	1					92	13	76	9	3	10	29	8	29	58	48	82	36	61	15	12	14	8	9	17	13	10	10	6	16	6	19	49	4	634		2021-11-27 14:24:17	T	F	30	30	11	8	1.12	14
241			"base"	"interview"	2021-11-27 14:17:00	1	1	52	1	5	T	T	T	F	F	T	F	F	F	F	F	F	F	F	F	F	F	F	F	T	F	F	F		1	5		3	T	T	F	F	T	F		F		F		5	4	2	2	3	"Covid-Mutation aus Afrika"	"Portugal und Italien in der selben WM Gruppe"	"Tote Flüchtlinge am Ärmelkanal"	5	1	2	5	4	3	1	4	2	1	5	3	4	"8180"	2			19	1	1					13	57	46	17	15	25	64	12	18	48	70	126	28	63	38	15	28	19	9	35	34	39	29	9	13	22	12	10	9	815		2021-11-27 14:32:23	T	F	30	30	3	1	0.71	1
242			"base"	"interview"	2021-11-27 14:28:41	1	2	25	1	3	T	F	F	F	F	F	F	F	F	F	F	F	F	F	T	F	F	F	F	F	F	F	T	"Linth Zeitung"	1	5		3	T	F	F	T	F	T	"Stromversorgungsprobleme"	F		F		4	3	2	3	4	"Neue Virusmutante Südafrika"	"Blaualgen im Zürichsee Schmerikon"	"Boosterimpfung"	3	3	5	2	1	5	2	4	3	1	3	1	4	"8645"	2			12	1	1					6	4	61	17	7	21	52	9	20	43	61	369	35	54	30	41	22	30	11	24	15	28	18	4	9	46	19	6	8	767		2021-11-27 14:46:31	T	F	30	30	3	0	0.83	4
243			"base"	"interview"	2021-11-27 14:47:01	1	1	81	1	3	F	F	T	F	F	T	F	F	F	F	F	F	F	F	F	F	F	F	F	T	F	F	F		1	5		3	T	T	F	F	F	T	"WM Qualifikation (Fussball)"	F		F		5	3	2	1	3	"Bundeshaus wird am Abstimmungssonntag abgeriegelt"	"Neue Covid-Variante aus Südafrika"	"Cassis Privatflieger musste notlanden"	4	5	2	5	5	4	1	3	4	2	3	3	1	"8193"	3			19	1	1					22	50	47	16	12	22	36	17	20	58	61	138	25	59	31	10	14	17	9	35	23	34	25	8	16	14	12	7	10	803		2021-11-27 15:01:09	T	F	30	30	3	1	0.78	3
244			"base"	"interview"	2021-11-27 14:47:31	1	1	24	1	3	T	F	F	F	F	F	F	F	F	F	F	F	F	F	T	F	F	F	F	F	F	F	T	"Linth Zeitung"	1	5		3	T	T	F	F	F	T	"EU Politik der Schweiz"	F		F		5	3	3	3	3	"Hoher Anstieg Coronainfektionen"	"Bewegungen zwischen EU und Schweiz"	"Polen will Flüchtlingszonen schaffen"	5	4	3	4	4	2	1	5	2	1	3	1	3	"8645"	4			12	1	1					5	7	139	10	6	8	53	9	55	129	75	175	16	92	60	28	15	20	20	24	17	12	25	5	8	15	10	7	15	945		2021-11-27 15:05:12	T	F	30	30	3	0	0.84	4
245			"base"	"interview"	2021-11-27 14:52:37	1	2	72	1	2	F	F	T	F	T	F	F	F	F	F	F	F	F	F	F	F	F	F	F	F	F	F	F		2	5		3	T	T	F	T	F	F		F		F		4	2	3	2	2	"Steigende Coronazahlen trotz Impfung"	"Diskussion Zertifikatspflicht (2G, 3G)"	"Festival Texas Waffenpanik ""Opferberichte"""	3	2	3	4	1	3	1	3	2	1	2	4	3	"8118"	2		"nein"	2	1	1					31	5	135	8	7	12	38	8	41	50	51	119	37	52	30	27	20	8	13	20	17	13	13	6	21	9	16	57	9	709		2021-11-27 15:07:10	T	F	30	30	0	0	0.89	5
246			"base"	"interview"	2021-11-27 15:00:31	1	2	20	1	2	F	F	F	F	F	T	F	F	F	F	F	F	F	F	F	F	F	F	F	F	F	F	T	"Zürcher Oberländer"	1	3		3	T	T	F	T	F	F		F		F		4	3	-1	5	2	"Ertunkene Flüchtlinge zwischen England und Frankreich"	"Flüchtlinge in Belarus vertrieben"	"Viele Coronatote in Deutschland"	5	3	3	5	3	3	2	3	1	1	5	1	3	"8637"	2			4	2	1					6	4	156	18	2	12	53	20	30	21	118	153	4	70	59	30	22	20	16	25	12	22	44	7	17	20	57	119	11	827		2021-11-27 15:19:39	T	F	30	30	3	1	0.87	15
247			"base"	"interview"	2021-11-27 15:07:20	1	1	81	1	3	T	F	F	F	F	T	F	F	F	F	F	F	F	F	F	F	F	F	F	F	F	F	T	"Amerikanische Newsseite"	1	5		3	T	T	F	F	F	T	"Champions League"	F		F		4	2	2	1	2	"Virtuelle Zeichnung Preisexplosion "	"Covid-Gesetz Verneinigung (Vollmachtsgefahr vom Staat)"	"Black Friday Sales"	3	5	4	2	5	1	1	3	1	1	4	5	3	"5643"	3		"nein"	2	2	1					680	2	162	9	6	27	144	13	35	96	124	155	35	64	24	14	21	19	10	22	13	10	11	6	19	9	26	4	14	862		2021-11-27 15:36:54	T	F	30	30	0	0	0.85	6
248			"base"	"interview"	2021-11-27 15:12:18	1	2	55	1	2	F	F	T	F	F	F	F	F	F	F	F	F	F	F	F	F	F	F	F	F	F	F	T	"Zürcher Unterländer"	1	4		3	T	T	F	F	T	F		F		F		4	3	2	3	4	"Autounfall mit Lachgas"	"Charlene (Fürstin von Monaco) in der Klinik in Zürich"	"Corona-Mutation"	2	1	5	4	5	3	2	3	4	4	3	2	3	"8427"	2			19	1	1					29	48	47	15	6	11	36	13	28	52	79	107	28	52	36	24	20	15	13	35	23	25	28	8	9	7	15	8	16	790		2021-11-27 15:26:12	T	F	30	30	3	1	0.78	2
249			"base"	"interview"	2021-11-27 15:20:31	1	1	76	1	6	F	T	T	F	F	T	F	F	F	F	F	F	F	F	F	F	F	F	F	T	T	T	F		1	4		3	T	T	T	F	F	F		F		F		4	2	3	3	3	"AHV Initiative vom Bundesrat abgelehnt"	"Aktuelle Meldungen zu Booster Impfung"	"Neue Virusvariante aus Südafrika"	5	3	4	4	3	2	1	3	2	2	3	4	4	"7240"	3			15	1	1					7	113	111	7	5	10	92	8	19	76	126	162	22	71	50	10	32	10	2	41	8	38	29	46	35	13	3	3	7	956		2021-11-27 15:39:47	T	F	30	30	3	1	1.01	18
250			"base"	"interview"	2021-11-27 15:20:48	1	2	48	1	5	F	T	T	F	F	F	F	F	F	F	F	F	F	F	T	F	F	T	F	F	F	F	T	"Beobachter, Linth Zeitung"	1	5		3	T	F	F	T	F	T	"Stromversorgung in der Schweiz"	F		F		3	3	3	3	3	"Neue Virusmutation Südafrika"	"Flüchtlinge in Polen"	"Chinesische Tennisspielerin verschwunden"	5	4	4	5	4	4	2	5	3	5	5	3	4	"8645"	2			12	1	2					6	4	96	19	7	10	114	15	11	79	171	84	26	60	56	33	23	15	12	24	25	44	45	7	10	19	9	7	8	979		2021-11-27 15:38:07	T	F	30	30	3	0	0.8	4
251			"base"	"interview"	2021-11-27 15:23:49	1	2	80	1	3	F	T	T	F	F	F	F	F	F	F	F	F	F	F	F	F	F	F	F	T	F	F	F		1	4		3	T	T	F	F	F	T	"Unihockey WM der Frauen"	F		F		5	3	4	2	2	"Abstimmung über Covidgesetz"	"Warum der FCZ Meister werden kann"	"Britney Spears neues Album"	5	1	2	5	1	3	1	3	4	4	3	3	2	"8006"	3			8	1	1					5	2	23	7	6	4	22	10	17	56	37	53	11	25	11	12	13	12	6	11	11	10	11	3	7	4	3	2	3	397		2021-11-27 15:30:26	T	F	30	30	3	1	1.78	41
252			"base"	"interview"	2021-11-27 15:28:39	1	2	36	1	4	T	T	F	F	F	F	F	F	F	F	F	F	F	F	T	F	F	F	F	F	F	F	T	"Guardian, Epoch Times, Pocket News"	1	5		6	T	T	F	T	T	T	"Allgemeine Verunsicherung "	T	"Zukunft der Jugend und junger Erwachsener (berufsbedingt, wohnungsbedingt)"	F		5	2	3	4	4	"The Caviar Connection - Korription Azerbajian und Europarat"	"Abstimmungen - Co2 keine klaren Vorgaben (v.a. bzgl. Sanierungen, etc.) "	"Migrantenthemaik - Weissrussland, Polen "	5	5	4	3	5	3	1	3	1	2	3	2	4	"8802"	4			6	1	1					281	2	16	13	1	8	103	42	66	146	96	271	50	64	142	11	69	15	31	18	12	58	14	5	20	18	17	59	5	1026		2021-11-27 15:56:12	T	F	30	30	3	0	0.84	13
253			"base"	"interview"	2021-11-27 15:29:13	1	2	28	1	1	F	F	F	F	F	F	F	F	T	F	F	F	F	F	F	F	F	F	F	F	F	F	F		2	2		3	T	F	F	F	F	T	"Schulen in der Schweiz"	T	"Kulturelle Themen"	F		5	4	4	3	2	"Skifahren "	"Luzern Sammelaktion für Familien in Not "	"Rebellion der Jugend gegen aktuelle politische Entscheidungen "	2	4	5	4	5	5	1	4	1	1	4	1	1	"6020"	1		"Nein"	10	2	1					12	9	63	21	3	12	34	13	33	57	119	237	44	66	117	16	27	17	12	30	31	22	24	5	19	12	11	2	11	977		2021-11-27 15:47:12	T	F	30	30	0	0	0.79	3
254			"base"	"interview"	2021-11-27 15:37:28	1	2	83	1	2	T	F	F	F	F	T	F	F	F	F	F	F	F	F	F	F	F	F	F	F	F	F	F		1	4		3	T	T	F	T	F	F		F		F		3	2	2	1	1	"Neue Virusvariante Covid"	"Coronavirusentwicklung Statistik"		4	5	-9	3	5	-9	2	2	3	2	4	4	3	"8820"	3		"nein"	2	2	1					195	50	97	7	9	24	40	10	22	42	142	107	25	41	26	34	12	11	11	22	12	12	11	2	16	5	17	6	5	782		2021-11-27 15:54:22	T	F	30	30	9	8	1.01	11
255			"base"	"interview"	2021-11-27 15:41:26	1	1	76	1	6	T	F	T	T	F	T	F	F	F	F	F	F	F	F	F	F	F	F	F	T	F	T	F		1	5		3	T	T	F	T	F	F		F		F		4	3	2	3	3	"Neue Virusmutante Südafrika"	"Covid Zertifikat Abstimmung"	"Starker Schweizer Franken"	2	4	2	5	4	4	2	4	1	1	2	2	3	"8800"	2			12	1	1					5	5	144	15	5	11	83	10	44	100	72	45	26	71	28	33	12	9	16	19	15	17	19	10	19	17	10	30	6	750		2021-11-27 15:56:22	T	F	30	30	3	1	0.9	7
256			"base"	"interview"	2021-11-27 15:47:03	1	2	84	1	3	F	F	T	F	T	F	F	F	F	F	F	F	F	F	F	F	F	F	F	T	F	F	F		1	5		3	T	T	F	F	F	T	"Energiepläne (Reduzierung)"	F		F		5	3	3	1	1	"Corona-Mutant aus Afrika"	"Schliessung der Skigebiete in Österreich -> kommen in die CH"	"Vorbereitung der Weltbranche auf die kommenden Wochen"	3	2	3	1	4	5	1	2	5	5	2	3	1	"6300"	3			19	1	1					8	41	51	24	7	12	53	14	18	50	63	108	35	47	40	38	20	31	21	27	26	26	30	9	10	10	14	8	15	820		2021-11-27 16:01:20	T	F	30	30	3	1	0.74	2
257			"base"	"interview"	2021-11-27 15:57:39	1	2	71	1	3	T	F	F	F	T	F	F	F	F	F	F	F	F	F	F	F	F	F	F	F	F	F	T	"Republik"	2	5		3	T	F	F	T	F	T	"Vertrauen von Volk in Medien & Politik"	F		F		5	3	3	3	3	"Verdienst & Löhne gegeben durch Firmengrösse "	"Covid & Handhabung vom Bundesrat "	"Frauen an Spitze der CH-Charts"	4	4	3	3	5	3	1	3	3	1	3	3	4	"8610"	2		"Covid-Jahre verzerren Bild der Medien. Umdenken in Gesellschaft weg von Sensationsmeldungen wäre zentral."	2	1	1					13	4	106	12	9	10	33	9	52	77	115	142	32	78	56	15	11	27	14	18	16	13	12	4	12	13	115	40	4	923		2021-11-27 16:15:21	T	F	30	30	0	0	0.86	5
258			"base"	"interview"	2021-11-27 16:01:28	1	1	78	1	2	F	F	F	F	T	F	F	F	F	F	F	F	F	F	F	F	F	F	F	T	F	F	F		4	3		3	T	F	F	T	F	T	"China"	F		F		3	5	3	1	1	"CoVid-Infektionsraten"	"Tote bei Travis Scott-Konzert"	"Meta-Verse"	3	2	2	2	4	2	1	2	2	1	3	1	1	"8645"	1			6	1	1					29	2	61	29	2	56	46	27	28	137	65	246	2	78	50	9	19	11	9	15	12	12	15	2	18	306	5	2	16	970		2021-11-27 16:23:17	T	F	30	30	3	1	1.09	31
259			"base"	"interview"	2021-11-27 16:13:17	1	1	24	1	1	F	F	F	F	F	F	F	F	T	F	F	F	F	F	F	F	F	F	F	F	F	F	F		1	3		3	T	T	F	T	F	F		F		F		5	3	3	4	5	"Corona "	"Abstimmungen in der Schweiz "	"Flüchtlinge an polnische Grenze  "	5	5	3	5	5	3	1	5	3	1	5	3	5	"6020"	2		"Nein"	10	1	1					5	2	30	9	14	10	40	12	29	59	101	62	35	253	119	13	19	10	16	23	18	36	14	7	29	23	18	4	7	701		2021-11-27 16:30:14	T	F	30	30	0	0	0.91	7
260			"base"	"interview"	2021-11-27 16:18:03	1	1	81	1	5	F	F	T	F	T	T	F	F	F	F	F	F	F	F	F	F	F	F	F	T	T	F	F		1	5		3	T	T	F	F	F	T	"Quotendiskussion (Geschlecht)"	F		F		4	3	4	2	2	"Coronamutation Südafrika"	"Boosterimpfung Zulassungen"	"Interessenskonflikt Polizist und Massnahmengegner"	5	5	5	3	3	2	2	3	1	2	3	5	2	"8645"	3			12	1	1					13	5	55	10	6	9	70	12	18	149	76	106	24	38	35	41	20	12	12	21	13	12	22	7	9	29	7	7	10	848		2021-11-27 16:32:11	T	F	30	30	3	1	0.89	3
261			"base"	"interview"	2021-11-27 16:25:50	1	1	20	1	1	F	F	F	F	F	F	F	F	F	F	F	F	F	F	F	F	F	F	F	F	F	F	T	"Uster Anzeiger, Hauseigentümer"	1	3		4	T	T	F	T	F	T	"Arbeitssituation des Gesundheitswesens"	F		F		4	3	3	3	2	"Flüchtlingskrise an polnischer Grenze"	"Regierungsbildung in Deutschland"	"Neue CoVId-Vairante"	4	5	3	3	3	4	1	4	2	2	4	4	5	"8614"	4			6	1	1					56	2	5	15	4	11	47	14	24	53	125	114	36	99	42	7	18	11	21	16	16	17	16	2	14	5	75	47	3	762		2021-11-27 16:41:06	T	F	30	30	3	0	1.14	21
262			"base"	"interview"	2021-11-27 16:41:14	1	1	52	1	3	F	F	F	F	F	T	F	F	F	F	F	F	F	F	F	F	F	F	F	T	F	F	T	"Sonntagszeitung, Zürcher Oberländer"	2	3		3	T	T	F	T	F	F		F		F		4	3	4	3	2	"Corona-Ansteckungsraten steigen"	"China und Russland wollen keine starken Klimamassnahmen ergreifen"	"Schweiz will doppelte Kohäsionsmilliarde zahlen"	4	5	3	3	4	2	2	4	1	1	2	5	5	"8620"	4			4	1	1					8	8	29	19	5	13	98	9	13	61	80	166	3	55	49	24	15	12	12	29	13	14	15	4	12	9	14	64	41	802		2021-11-27 16:56:08	T	F	30	30	3	1	0.94	15
263			"base"	"interview"	2021-11-27 16:46:31	1	1	24	1	2	F	F	T	F	F	F	F	F	F	F	F	F	F	F	F	F	F	F	F	F	F	F	T	"Bündnerzeitung"	1	5		3	T	T	F	T	F	F		F		F		2	3	2	4	3	"Flüchtling Ärmelkanal"	"Wer wird mal Bundeskanzler"	"Chur, an Perpherie Siedlung abgebrochen , Tempelgebäude"	4	3	4	3	4	4	1	3	1	3	4	2	4	"7000"	2			1	1	1					10	1116	4	23	2	4	83	29	18	149	155	151	3	58	50	41	70	13	3	31	8	11	12	7	7	39	25	1	6	938		2021-11-27 17:22:01	T	F	30	30	3	1	1.17	37
264			"base"	"interview"	2021-11-27 16:55:01	1	1	81	1	3	T	T	F	T	F	F	F	F	F	F	F	F	F	F	F	F	F	F	F	F	F	F	F		1	5		3	T	T	F	F	F	T	"Fussball"	F		F		4	2	2	2	1	"Holländischer Fussballkommentator beleidigt Spieler"	"Südafrika Variante"	"Breitenreiter hat Corona"	1	3	1	4	4	4	1	4	4	1	2	5	3	"8055"	3		"hat SPass gemacht"	8	1	1					4	3	55	13	8	5	12	7	9	13	50	51	3	29	21	15	14	11	6	14	13	10	10	4	8	4	9	2	4	407		2021-11-27 17:01:48	T	F	30	30	0	0	1.69	48
265			"base"	"interview"	2021-11-27 16:55:11	1	1	41																																																																			6							4	17	3	15	9																									48		2021-11-27 16:55:59	F	F	5	5	0	0	1.37	83
266			"base"	"interview"	2021-11-27 16:56:12	1	1	41	1	3	F	T	T	F	F	F	F	F	F	F	F	F	F	F	F	F	F	F	F	F	F	F	T	"Bloomberg, BBC, CNN"	1	5		4	T	T	T	T	F	F		F		F		4	3	3	3	3	"Börsen"	"CoVid neue Varanten"	"Flüchtlingsunfall Frankreich/Grossbritanien"	2	4	4	5	5	3	1	4	2	1	2	3	4	"8032"	4			6	1	1					4	2	3	6	2	3	139	11	21	75	192	146	3	67	111	80	14	27	17	15	12	16	12	3	4	3	15	2	5	656		2021-11-27 17:13:02	T	F	30	30	3	1	1.43	50
267			"base"	"interview"	2021-11-27 16:58:33		1																																																																				2							33	4																												37		2021-11-27 16:59:10	F	F	2	2	0	0	0.76	6
268			"base"	"interview"	2021-11-27 17:09:50	1	2	22	1	2	T	T	F	F	F	F	F	F	F	F	F	F	F	F	F	F	F	F	F	F	F	F	F		1	4		3	T	F	F	F	F	T	"Fussball"	T	"Gesundheit"	F		4	3	2	2	2	"Artikel über Mark Zuckerberg"	"Punktgenau gekocht, gedämpft: Wie man sich gesund ernährt"		3	5	-9	5	5	-9	1	5	1	1	5	1	5	"8280"	4			3	2	1					5	56	30	11	6	8	34	40	63	130	147	285	23	163	40	74	10	16	14	56	11	58	20	6	25	15	14	6	43	994		2021-11-27 17:33:19	T	F	30	30	11	8	0.71	4
269			"base"	"interview"	2021-11-27 17:18:52	1	2	44	1	4	T	T	F	F	F	T	F	F	F	F	F	F	F	F	F	F	F	F	F	F	F	F	T	"Zuger Zeitung"	1	4		3	T	F	F	F	F	T	"Gesellschaft"	T	"Beziehungen zu anderen Ländern (Internationale Politik)"	F		2	3	4	1	2	"Abstimmung Covid Gesetz Informationen"	"Abstimmung Pflegeinitiative"	"Corona Booster Impfung"	5	5	3	2	3	3	1	3	1	1	2	1	2	"6340"	4			15	1	1					20	8	53	24	9	9	57	15	24	47	95	75	21	37	35	76	15	11	9	17	24	13	14	6	6	10	14	4	10	700		2021-11-27 17:31:31	T	F	30	30	3	0	0.91	4
270			"base"	"interview"	2021-11-27 17:22:17	1	2	24	1	2	F	F	F	F	F	F	F	F	F	T	F	F	F	F	F	F	F	F	F	F	F	F	T	"Sarganserländer, Coop, Migro"	1	4		3	T	F	F	T	F	T	"Verbauung von Kulturland"	F		F		5	3	4	3	3	"Papierwindeln"	"Freispruch von Mörder in Amerika"	"Flüchtlingsdram Ärmelkanal"	3	3	5	3	3	5	2	3	1	1	5	1	5	"7000"	2			1	1	1					7	2	5	22	2	10	41	19	60	113	90	121	2	67	43	30	73	14	2	30	10	19	19	3	11	132	39	2	5	781		2021-11-27 17:38:50	T	F	30	30	3	0	1.17	39
271			"base"	"interview"	2021-11-27 17:42:43	1	2	57	1	2	F	F	T	F	F	T	F	F	F	F	F	F	F	F	F	F	F	F	F	F	F	F	F		1	5		3	T	F	F	T	T	F		F		F		5	3	-2	1	1	"Impfpflicht in Österreich"	"Vorbereitungen für die Abstimmungen (Bundesplatz)"	"Booster Impfung bald auch ab 16 möglich"	5	3	5	4	3	4	2	4	2	1	3	4	2	"8057"	5	"Berufliche Weiterbildungen"		3	1	1					9	3	47	36	2	7	42	7	17	29	84	138	23	52	26	48	17	7	11	12	10	10	10	8	7	65	69	4	3	670		2021-11-27 17:56:06	T	F	30	30	3	1	1.17	17
272			"base"	"interview"	2021-11-27 17:55:20	1	1	48	1	3	F	T	F	T	F	F	F	F	F	F	F	F	F	F	F	F	F	F	F	F	F	F	T	"Linth Zeitung"	1	5		3	T	T	F	F	F	T	"Regierungswechsel Deutschland"	F		F		3	4	3	4	2	"neues Flüchtlingslager"	"60 jähriger wird online betrogen"	"WM-Qualifikation Schweiz"	2	1	1	3	2	4	2	4	2	1	3	2	5	"8640"	4			14	1	1					7	3619	12	52	5	8	33	8	16	97	117	86	21	47	40	11	12	26	13	22	13	26	14	2	5	6	7	3	122	683		2021-11-27 19:09:30	T	F	30	30	3	0	1.11	14
273			"base"	"interview"	2021-11-27 17:55:55	1	2	81	1	3	F	T	F	F	F	T	F	F	F	F	F	F	F	F	F	F	F	F	F	T	F	F	F		1	5		3	T	F	F	T	T	F		F		F		4	2	4	5	3	"flüchtlinge gestorben"	"Klimakonferenz "	"man fährt in usa in Menschenmenge"	2	3	1	3	3	1	2	4	5	4	4	2	3	"9000"	3			11	1	2					9	12	36	8	4	12	51	7	19	68	134	204	8	40	37	30	8	10	5	17	10	15	13	3	12	9	8	12	19	820		2021-11-27 18:09:35	T	F	30	30	3	1	1.11	13
274			"base"	"interview"	2021-11-27 18:02:01	1	1	56	1	3	F	T	T	T	F	F	F	F	F	F	F	F	F	F	F	F	F	F	F	F	F	F	F		1	5		4	T	T	F	F	T	T	"Flüchtlinge in Weissrussland"	F		F		5	3	2	2	2	"Coronamassnahmen in Nachbarsländern (Österreich/Deutschland)"	"Flüchtlinge an der Grenze in Weissrussland"	"Zögern des Bundesrats zu den Coronamassnahmen"	5	4	5	5	4	5	1	3	2	1	2	2	3	"8057"	4			3	1	1					26	22	29	15	6	7	33	12	18	56	43	94	18	80	20	11	12	14	10	17	9	11	8	7	8	17	8	5	6	622		2021-11-27 18:12:23	T	F	30	30	3	1	1.11	11
275			"base"	"interview"	2021-11-27 18:24:24	1	1	80	1	2	F	F	T	F	F	T	F	F	F	F	F	F	F	F	F	F	F	F	F	F	F	F	F		1	5		3	T	T	F	F	F	T	"Demonstrationen"	F		F		3	3	5	1	1	"Österreich Demonstration"	"Abstimmung Schweiz"	"Corona-Diskussion"	3	5	5	5	4	1	1	5	1	2	5	3	4	"9532"	2			7	1	1					89	9	30	7	6	9	36	7	22	47	47	44	35	35	22	22	10	8	9	20	13	13	12	6	20	14	7	5	21	545		2021-11-27 18:34:49	T	F	30	30	3	1	1.1	12
276			"base"	"interview"	2021-11-27 18:44:09	1	2	85	1	-2	F	F	F	F	F	F	F	F	F	F	F	F	F	F	F	F	F	F	F	F	F	F	F		5	3		3	T	T	F	T	F	F		F		F		4	2	3	2	1	"Boosterimpfung "	"Abstimmungen "	"2G in Österreich "	2	5	1	3	4	1	1	2	2	1	3	2	1	"8193"	1		"Nein"	10	1	1					4	2	5	58	4	22	32	21	32	21	83	44	27	77	23	43	23	17	7	25	15	19	12	7	13	9	9	2	6	616		2021-11-27 18:55:11	T	F	30	30	0	0	1.22	23
277			"base"	"interview"	2021-11-27 18:58:06	1	2	86	1	3	T	F	T	F	F	F	F	F	F	F	F	F	F	F	F	F	F	F	F	F	F	F	T	"Now"	1	4		2	T	F	F	F	F	T	"Sportevents"	F		F		4	3	2	2	1	"Steigende Corona Zahlen "	"Tennis Wettkampf in Australien"		4	1	-9	2	3	-9	1	4	3	4	3	2	2	"5200"	1		"Nein"	10	1	1					6	3	19	19	7	11	47	10	16	57	51	51	21	26	48	14	18	7	5	20	21	22	10	5	19	8	12	4	4	561		2021-11-27 19:07:27	T	F	30	30	8	7	1.21	15
278			"base"	"interview"	2021-11-27 19:26:08	1	2	83	1	3	T	T	F	F	F	F	F	F	F	F	F	F	F	F	F	F	F	F	F	F	F	F	T	"New York Times"	1	5		3	T	T	F	F	T	F		F		F		3	2	-1	1	2	"Holland Lockdown und Corona"	"Östereich Lockdown"	"Corona Zahlen steigen"	1	2	5	3	2	5	-1	3	1	1	2	3	3	"8602"	3			15	1	1					27	26	35	17	6	16	49	12	19	39	91	70	17	67	28	59	16	8	20	15	12	10	13	3	21	5	11	2	15	729		2021-11-27 19:38:17	T	F	30	30	3	1	1.02	11
279			"base"	"interview"	2021-11-27 19:42:05	1	1	24	1	2	T	T	F	F	F	F	F	F	F	F	F	F	F	F	F	F	F	F	F	F	F	F	F		1	5		3	T	F	F	F	T	T	"regierungsbildung in deutschland"	F		F		3	2	2	3	3	"Südafrikanische covid-19 variante"	"Bootsunglück am ärmelkanal"	"portugal vs. italien wer schaffscht in die meisterschaft"	4	2	1	4	3	1	1	4	2	2	4	1	5	"8041"	5	"eidgenössisch diplomierter immobilientreuhändler"		11	1	1					7	5	15	24	3	14	31	13	45	119	133	198	2	62	71	18	11	39	3	51	30	18	17	2	7	60	22	7	12	917		2021-11-27 19:59:24	T	F	30	30	3	0	0.99	27
280			"base"	"interview"	2021-11-27 19:54:51	1	1	78	1	4	F	F	T	F	F	T	F	F	F	F	F	F	F	F	F	F	F	F	T	F	F	F	T	"Radio Energy, Reuters"	1	5		3	T	F	F	T	T	F		F		F		4	3	3	3	2	"Neue Covidmutante"	"Klimaabstimmung"	"Covidgesetz"	4	4	4	5	4	3	1	4	3	1	4	5	3	"8805"	4			18	1	1					14	6	21	15	7	8	65	9	23	33	49	48	30	60	40	10	34	22	9	17	14	18	20	9	19	55	47	2	10	637		2021-11-27 20:06:45	T	F	30	30	3	1	0.96	9
281			"base"	"interview"	2021-11-27 20:07:01	1	2	78	1	2	F	F	F	F	F	F	F	F	F	F	F	F	F	F	F	F	F	F	F	T	F	F	T	"Tagesschau"	3	5		3	T	F	F	F	F	T	"Queer Szene"	T	"Sport allgemein"	F		3	1	3	1	2	"Coronavirus "	"Schweizer Fussball Nati qualifiziert für WM "	"Klimakatastrophen, vorallem Überschwemmungen"	5	3	5	4	5	5	1	3	2	1	4	1	2	"8047"	1			18	1	1					10	4	22	9	6	11	76	18	25	68	68	102	35	35	25	12	32	12	9	16	13	12	34	2	6	15	13	2	17	709		2021-11-27 20:18:50	T	F	30	30	3	0	1.05	9
282			"base"	"interview"	2021-11-27 20:31:02	1	2	26	1	2	T	T	F	F	F	F	F	F	F	F	F	F	F	F	F	F	F	F	F	F	F	F	F		1	5		3	T	T	F	F	T	F		F		F		2	3	3	2	2	"neue covid-19 variante"	"erneut aktiver vulkan"	"junge tragen messer bei sich im ausgang"	5	2	5	5	2	5	1	3	3	2	5	5	3	"8041"	1			11	2	2					6	4	118	113	7	7	40	14	7	52	168	243	3	123	37	21	53	45	14	75	14	21	125	2	6	6	2	27	15	938		2021-11-27 20:53:50	T	F	30	30	3	1	1.03	31
283			"base"	"interview"	2021-11-27 20:44:23	1	2	53	1	3	T	T	F	F	F	F	F	F	F	F	F	F	F	F	F	F	F	F	F	F	F	T	F		2	4		3	T	T	F	T	F	F		F		F		3	2	-1	2	2	"Neue Coronavariation"	"Flüchtlinge im Ärmelkanal ertrunken"		5	3	-9	4	4	-9	2	1	2	3	4	2	2	"8047"	1			18	2	1					1280	4	18	10	8	4	38	16	20	78	84	140	32	42	31	12	13	25	8	19	19	21	15	3	6	6	9	2	9	701		2021-11-27 21:17:15	T	F	30	30	11	8	1.11	12
284			"base"	"interview"	2021-11-27 20:57:55	1	1	53	1	4	F	T	T	T	F	F	F	F	F	F	F	F	F	F	F	F	F	F	F	F	F	F	T	"Bild"	1	4		3	T	T	F	F	F	T	"Eishockey"	F		F		5	3	2	3	4	"Neue Coronavariante"	"Überfüllte Spitäler"	"Abstimmungsvorlagen"	4	4	3	4	3	2	1	3	2	3	3	4	3	"8670"	2			4							6	4	4	11	5	13	33	8	16	23	63	49	3	38	31	14	29	8	9	19	10	10	11	4	11	7	12			451		2021-11-27 21:05:26	F	F	28	28	3	1	1.41	36
285			"base"	"interview"	2021-11-27 21:13:03	1	1	73	1	12	T	T	T	T	T	T	F	F	F	F	F	T	T	F	F	F	F	F	F	T	T	T	T	"#12 App "	1	5		3	T	T	F	F	F	T	"Inflation des schweizer Franken"	F		F		4	2	3	2	2	"Impfpflicht in Österreich"	"Covidzertifikat für Positive Antikörpertests"	"Geoblocking Verbot in der Schweiz"	4	5	3	5	5	4	2	4	2	1	2	3	3	"3700"	3		"Eine feinere Abstufungsmöglichkeit wäre vom Interviewten erwünscht gewesen"	5	1	1					21	2	39	9	10	7	235	7	39	214	202	200	53	51	50	79	83	15	12	19	19	23	19	5	6	6	155	13	29	874		2021-11-27 21:40:05	T	F	30	30	0	0	0.79	8
286			"base"	"interview"	2021-11-27 21:18:14	1	1	46	1	1	F	F	F	F	F	F	F	F	F	F	F	F	F	F	F	F	F	F	F	F	F	F	T	"NBC News"	2	3		3	T	T	T	F	F	F		F		F		3	2	4	2	3	"Präsident Biden befürchtet Putsch von Russland auf die Ukraine"	"Südafrikanische Flugpassagiere fälschlicherweise in Schweiz eingereist"	"Jugendlicher wurde freigesprochen,nachdem er Leute erschossen hatte"	2	5	2	4	2	4	2	3	1	1	4	1	3	"8047"	4			18	1	1					115	4	19	9	3	7	23	9	17	86	48	177	32	42	23	9	15	12	9	14	10	11	12	3	5	9	7	2	5	631		2021-11-27 21:30:31	T	F	30	30	3	1	1.31	19
287			"base"	"interview"	2021-11-27 21:36:09	1	2	45	1	8	F	F	T	T	T	F	T	F	F	F	F	F	F	F	F	T	F	F	F	T	T	T	F		1	5		3	T	T	F	F	T	F		F		F		5	3	5	5	2	"Covid Nu-Variante "	"Schafe schären im Winter, wieso nicht im Sommer"	"Existenzbedrohung durch Lockdown"	5	3	5	5	3	5	1	3	5	1	5	2	5	"5413"	2			17	1	1					10	62	17	17	7	17	151	15	32	90	153	280	34	51	52	28	23	15	17	29	22	35	21	8	29	21	28	13	39	1099		2021-11-27 21:58:05	T	F	30	30	3	1	0.6	1
288			"base"	"interview"	2021-11-27 22:00:07	1	1	46	1	10	F	F	T	T	T	T	T	F	F	F	T	F	F	F	F	T	F	F	F	T	T	T	F		1	4		3	T	F	F	F	F	T	"Vorsorge"	T	"Persönliches Berufsumfeld"	F		5	3	3	4	2	"Corona, neue Variante des Virus"	"Entwicklung der Wirtschaft, nächster Lockdown"	"Dritte Säule, Altersvorsorge"	5	5	3	5	5	5	1	4	2	2	4	3	4	"5413"	5	"höhere Fachhochschule"		17	1	1					15	8	5	23	6	14	303	20	48	124	289	96	29	67	33	57	23	26	17	24	21	71	35	4	13	111	51	3	66	876		2021-11-27 22:26:49	T	F	30	30	3	0	0.67	7
289			"base"	"interview"	2021-11-27 22:23:50	1	2	81	1	2	F	F	T	F	F	T	F	F	F	F	F	F	F	F	F	F	F	F	F	F	F	F	F		2	4		3	T	T	F	F	F	T	"Impfdebatte"	F		F		4	3	5	3	2	"Boosterimpfung bald ab 16"	"Populist aus Argentinien neu in der Politik"	"Massnahmen & Demonstrationen in Österreich"	5	1	5	4	3	4	1	3	3	1	2	2	1	"8051"	3			3	1	1					37	31	80	22	3	5	22	6	21	85	36	76	14	47	46	36	9	9	9	14	17	12	9	4	13	5	19	2	4	693		2021-11-27 22:35:23	T	F	30	30	3	1	1.25	21
290			"base"	"interview"	2021-11-27 22:35:35	1	1	80	1	1	F	F	F	F	F	F	F	F	F	F	F	F	F	F	F	F	F	F	F	T	F	F	F		4	6	"Kommt auf das Thema an"	3	F	F	F	F	F	T	"Mehr Raumfür Subkulturen/Kultur allgemein"	T	"Zeitrelevantere Bildung"	T	"Mehr Diversität in der Politik"	5	3	5	3	2	"Coronademos in der Schweiz"	"Black Friday: Wie kann man sein Portemonnaie schonen"		5	1	-9	1	1	-9	-1	4	1	1	5	4	4	"8006"	2			3	1	1					6	10	35	20	6	14	22	29	54	148	52	162	42	72	33	40	23	6	6	18	10	13	28	2	9	5	20	2	5	892		2021-11-27 22:50:27	T	F	30	30	10	7	1.06	14
291			"base"	"interview"	2021-11-27 22:38:25	1	1	76	1	9	T	T	F	F	T	T	T	F	F	F	F	F	F	F	F	F	F	F	F	T	T	T	T	"BBC News"	1	4		3	T	F	F	F	F	T	"Rassismusdebatte in den USA"	T	"Gamereleases"	F		4	3	4	2	3	"Neue Virusvariante in UK"	"Kyle Rittenhouse"	"Roger Federer ein Tag mit Rugbyspieler verbracht"	4	1	1	4	3	4	2	3	2	1	3	4	2	"5403"	2			17	1	1					28	9	4	16	3	24	296	15	32	153	75	136	23	83	17	70	23	28	20	15	15	17	24	6	15	32	84	7	181	900		2021-11-27 23:02:37	T	F	30	30	3	0	0.75	12
292			"base"	"interview"	2021-11-27 23:01:57	1	1	83	1	5	F	F	T	F	F	T	F	F	F	F	F	F	F	F	F	F	F	F	F	T	T	F	T	"BBC"	1	2		3	T	T	F	F	F	T	"Aussenpolitik"	F		F		4	3	3	3	2	"Kampfjets ca. 1 Miliarde teurer als geplant"	"Macron und Johnson Streit über Migrationskrise"	"Abstimmungsinformationen über Covid-Gesetz"	3	2	5	4	4	4	-1	4	2	3	2	4	3	"6405"	3			15	1	1					7	7	60	14	5	26	87	13	57	78	85	236	41	74	32	41	24	16	2	44	18	11	17	4	14	9	4	2	12	1040		2021-11-27 23:19:17	T	F	30	30	3	0	0.96	13
293			"base"	"interview"	2021-11-27 23:50:59	1	2	78	1	5	F	F	F	F	T	T	F	F	F	F	F	F	F	F	F	F	F	F	F	T	T	T	F		4	3		3	F	F	F	F	F	T	"objektiver und tatsachenorientierter Journalismus"	T	"Allgemeinbildung im Bezug auf lebensnotwendige Skills"	T	"Berichte über Games"	4	2	2	2	3	"2-G-Regel"	"Demonstrationen gegen Corona-Massnahmen"	"Autounfall verursacht durch Lachgaskonsum"	5	3	2	5	3	4	1	3	2	3	3	1	4	"5417"	2			17	1	1					9	6	7	62	15	22	77	35	49	277	116	104	20	66	25	30	18	11	12	19	13	11	19	5	8	9	17	6	39	774		2021-11-28 00:09:26	T	F	30	30	3	0	0.85	7
294			"base"	"interview"	2021-11-28 10:01:30	1	2	81	1	2	F	F	T	F	F	F	F	F	F	F	F	F	F	F	F	F	F	F	F	T	F	F	F		2	5		2	T	T	F	F	F	F		F		F		4	2	2	1	1	"Österreich: Bussen für Ungeimpfte"	"Info zur Medienkonferenz des BAG: Bis jetzt keine neuen Massnahmen"	"Briefmarkencryptowährungen"	4	5	3	5	4	4	1	3	3	4	2	2	2	"8604"	3			3	1	1					6	13	13	6	32	8	32	9	18	48	86	109	21	64	39	30	15	9	8	27	12	13	13	5	18	16	6	4	7	660		2021-11-28 10:12:57	T	F	30	30	3	1	1.08	10
295			"base"	"interview"	2021-11-28 10:35:00	1	2	84	1	1	F	F	F	F	F	F	F	F	F	F	F	F	F	F	F	F	F	F	F	T	F	F	F		1	5		3	T	F	F	F	F	T	"Reisen"	T	"Black Friday"	F		3	1	1	1	2	"Neue Coronavariante"	"Verkäufe von Elon Musk"		4	2	-9	2	5	-9	2	3	2	2	5	1	1	"8303"	1			14	1	1					7	116154	5	5	2	15	11	9	18	77	81	69	25	38	20	9	13	11	10	25	11	10	9	2	8	4	8	10	6	523		2021-11-29 18:59:32	T	F	30	30	11	8	1.45	32
296			"base"	"interview"	2021-11-28 10:56:55	1	2	83	1	2	T	T	F	F	F	F	F	F	F	F	F	F	F	F	F	F	F	F	F	F	F	F	F		2	3		3	T	T	F	F	T	F		F		F		3	2	3	2	2	"neue coivd-19 variante"	"zw eröffnung"	"anti-covid politik"	4	1	4	4	4	5	1	5	1	1	3	1	3	"8008"	3			11	1	1					7	157	55	11	1	18	33	15	22	118	101	112	4	94	75	112	33	24	6	36	10	12	18	10	11	10	8	2	98	878		2021-11-28 11:17:08	T	F	30	30	3	1	0.97	20
297			"base"	"interview"	2021-11-28 11:00:25	1	1	81	1	2	T	F	F	F	F	F	F	F	F	F	F	F	F	F	F	F	F	F	F	F	F	F	T	"Tagesschau"	2	4		2	T	T	F	F	F	F		F		F		4	2	3	2	2	"Covidgesetz Prognose, wenn angenommen"	"Artikel über Umgang mit Rassismus "	"deutsche Wahlen "	5	4	3	5	3	4	1	4	1	1	4	5	3	"8820"	5	"Berufsmaturität"	"Nein"	10	1	1					903	3	72	10	2	12	33	9	21	59	78	76	31	44	55	11	34	11	10	22	11	10	32	7	18	21	8	5	3	717		2021-11-28 11:27:16	T	F	30	30	0	0	1.06	12
298			"base"	"interview"	2021-11-28 11:47:15	1	1	40	1	1	F	T	F	F	F	F	F	F	F	F	F	F	F	F	F	F	F	F	F	F	F	F	F		1	5		3	T	T	F	F	F	T	"Wirtschaft"	F		F		5	4	3	4	2	"Kurssturz wegen neuer Variante"	"Neue Variante"	"Raiffeisen neuer Präsident"	5	5	3	5	5	1	2	3	1	2	1	1	4	"8906"	2			8	1	1					9	3	45	10	3	6	26	7	12	45	64	58	2	42	33	18	12	8	6	27	10	11	17	4	5	10	25	17	3	538		2021-11-28 11:56:13	T	F	30	30	3	1	1.37	36
300			"base"	"interview"	2021-11-28 12:01:31	1	2	83	1	2	T	F	T	F	F	F	F	F	F	F	F	F	F	F	F	F	F	F	F	F	F	F	F		1	5		3	T	T	F	F	F	T	"Gender"	F		F		3	2	4	4	2	"neue Corona Variante"	"Autounfall in der Nähe"		4	1	-2	2	4	-2	2	2	3	2	5	3	2	"6333"	3			19	1	1					47	82	41	10	6	14	64	22	23	38	71	64	30	49	20	13	14	17	8	23	16	18	15	8	15	11	13	12	16	703		2021-11-28 12:14:31	T	F	30	30	6	3	0.87	5
301			"base"	"interview"	2021-11-28 12:03:15	1	2	53	1	3	F	F	T	F	F	T	F	F	F	F	F	F	F	F	F	F	F	F	F	T	F	F	F		1	4		3	T	T	F	F	T	F		F		F		3	3	3	2	2	"flüchtlinge sterben im ärmelkanal"	"neue covid-19 variante"	"protest gegen covid-19 gesetz"	3	5	4	5	4	3	1	3	2	2	4	1	4	"8041"	1			11	1	1					6	4	7	21	2	6	38	12	40	31	131	206	2	75	27	13	25	17	15	30	16	18	15	6	5	19	23	1	13	824		2021-11-28 12:16:59	T	F	30	30	3	1	1.2	35
302			"base"	"interview"	2021-11-28 12:07:24	1	1	81	1	2	F	F	F	F	T	F	F	F	F	F	F	F	F	T	F	F	F	F	F	F	F	F	F		4	4		3	T	T	F	F	F	T	"Ehe für alle"	F		F		4	3	3	1	1	"1/3 der Bevölkerung Nein zum Covid Gesetz"			5	-2	-2	5	-2	-2	1	4	1	1	3	5	4	"8105"	3			13	1	1					58	4	41	9	9	22	72	15	48	94	66	155	35	25	11	25	18	8	12	15	11	14	29	5	10	17	13	28	6	802		2021-11-28 12:21:59	T	F	30	30	8	6	0.94	9
303			"base"	"interview"	2021-11-28 12:12:21	1	2	48	1	2	F	F	T	F	F	T	F	F	F	F	F	F	F	F	F	F	F	F	F	F	F	F	F		1	5		3	T	F	F	T	F	T	"Pflegenotstand"	F		F		5	3	3	5	1	"Neue Coronavirusmutation"	"Abstimmungsresultate"	"Neugründung einer Firma: Marketplace Group (Zusammenschluss von Scout24, Homegate etc.)"	4	5	1	4	5	3	1	3	4	2	3	1	3	"5503"	3			3	1	1					25	3	309	10	2	6	23	10	23	46	93	140	21	37	24	39	10	10	12	20	16	8	12	5	14	8	6	20	5	656		2021-11-28 12:28:18	T	F	30	30	3	1	1.16	16
304			"base"	"interview"	2021-11-28 12:13:26	1	2	56	1	2	F	F	F	T	F	F	F	F	F	F	F	F	F	F	F	F	F	F	F	F	F	F	T	"Appenzeller Zeitung"	2	5		3	T	T	F	F	F	T	"30er Zone auf Hauptstrassen"	F		F		4	3	3	3	3	"Ehe für alle"	"Steigende Corona-Zahlen"	"Black-Friday"	5	5	1	3	5	1	1	3	4	1	2	1	3	"9064"	3			16	1	1					4	4	19	12	5	6	57	8	15	36	101	51	25	32	45	16	26	10	3	22	21	17	19	2	8	28	37	2	3	634		2021-11-28 12:24:00	T	F	30	30	3	0	1.3	21
305			"base"	"interview"	2021-11-28 12:16:13	1	1	55	1	4	T	T	F	F	F	F	F	F	F	F	F	F	F	F	F	T	F	F	F	F	T	F	F		1	5		3	T	T	F	F	F	T	"Wirtschaftliche und Gesellschaftliche Lage in der Schweiz"	F		F		4	3	3	3	2	"Meldungen zu Booster Impfung"	"Renaissance der Atomkraft (Diskussion über neue Atomkraftwerke in der Schweiz)"	"Neue Virusvariante Omikron"	4	4	4	5	4	3	2	4	1	1	4	3	4	"6343"	4			15	1	1					56	6	44	11	3	12	68	14	26	77	111	176	46	59	34	61	18	28	9	35	12	14	15	6	13	9	137	13	7	948		2021-11-28 12:34:53	T	F	30	30	3	1	0.77	2
306			"base"	"interview"	2021-11-28 12:24:06	1	1	52	1	2	F	F	F	T	F	F	F	F	F	F	F	F	F	F	F	F	F	F	F	F	F	F	T	"Appenzeller Tagblatt"	1	5		3	T	F	F	T	F	T	"Mobilität"	F		F		3	2	2	4	3	"Abstimmungen-Kampf Covid"	"Tempolimit 30"	"Klimawandel"	3	2	4	3	4	3	1	4	3	2	3	2	3	"9064"	2			16	1	1					6	3	66	11	3	7	18	7	15	23	75	49	18	33	26	13	23	8	2	24	10	10	10	2	9	8	5	1	4	489		2021-11-28 12:32:16	T	F	30	30	3	0	1.61	37
307			"base"	"interview"	2021-11-28 12:32:22	1	1	86	1	2	F	F	F	T	F	F	F	F	F	F	F	F	F	F	F	F	F	F	F	T	F	F	F		2	3		3	T	T	F	F	F	T	"Impfungen"	F		F		5	3	1	3	3	"Corona-Impfungen"	"Abstimmungen Schweiz"	"Corona-Massnahmen"	4	5	3	4	2	4	2	3	4	2	3	4	2	"9064"	1			16	1	1					3	3	93	5	4	12	49	12	41	52	49	42	22	42	29	86	18	7	3	21	11	9	9	2	6	14	6	1	4	587		2021-11-28 12:43:17	T	F	30	30	3	1	1.48	30
308			"base"	"interview"	2021-11-28 12:44:23	1	2	81	1	2	F	F	F	F	F	T	F	F	F	F	F	F	F	F	F	F	F	F	F	T	F	F	F		1	4		3	T	T	F	F	F	T	"Fusball WM Katar"	F		F		4	3	2	1	2	"Corona-Booster für breite Gesellschaft"	"Flüge Südafrika abgesagt"		4	3	-9	4	1	-9	2	3	1	1	3	4	2	"9100"	3			16	1	1					637	3	80	5	4	16	38	10	23	52	59	98	18	38	28	15	12	7	4	24	12	10	10	1	3	17	6	1	3	606		2021-11-28 13:04:57	T	F	30	30	11	8	1.47	31
309			"base"	"interview"	2021-11-28 12:53:10	1	2	25	1	2	F	F	F	F	F	T	F	F	F	F	F	F	F	F	F	F	F	F	F	F	F	F	T	"Beobachter, Schweizer illustreirte"	3	2		3	T	T	F	F	T	F		F		F		5	3	-1	2	3	"VBS Kampfjets teurer"	"Booster Impfung"		3	5	-2	3	2	-2	-1	4	4	1	4	2	1	"6340"	2			15	2	1					15	3	34	30	6	42	32	36	19	59	137	65	21	28	97	46	79	20	107	64	30	43	18	6	7	10	21	4	9	717		2021-11-28 13:11:18	T	F	30	30	6	3	0.78	6
310			"base"	"interview"	2021-11-28 12:59:22	1	2	51	1	4	T	T	F	F	F	T	F	F	F	F	F	F	F	F	F	F	F	F	F	F	F	F	T	"Spektrum"	1	5		3	T	F	F	T	T	F		F		F		4	3	3	2	3	"Neue Coronamutante Südafrika"	"Einbruchwellen von Banden in Amerika"	"Fakenews"	5	3	5	4	3	5	2	4	2	2	5	5	4	"8103"	4			12	1	1					10	14	344	10	3	13	63	9	16	50	119	80	26	58	34	23	18	23	25	26	16	25	20	4	13	27	22	1	13	769		2021-11-28 13:17:47	T	F	30	30	3	1	0.89	8
311			"base"	"interview"	2021-11-28 13:00:23	1	1	80	1	3	F	F	T	F	T	F	F	F	F	F	F	F	F	F	F	F	F	F	F	F	F	T	F		4	6	"selten"	2	T	T	F	F	F	F		F		F		5	4	2	2	2	"Verkehrsdelikte "	"Black Friday "	"Abstimmungsinitiative "	1	1	4	3	1	2	2	3	1	2	1	2	2	"5312"	3		"Nein"	10	1	1					5	5	42	12	9	34	148	35	26	42	85	58	33	73	36	54	18	14	8	29	20	14	11	9	12	6	133	3	7	706		2021-11-28 13:16:44	T	F	30	30	0	0	0.9	7
312			"base"	"interview"	2021-11-28 13:16:32	1	2	43	1	3	F	T	T	F	F	F	F	F	F	F	F	F	F	F	F	F	F	F	F	F	F	F	T	"www.bluewin.ch "	2	3		3	T	T	F	F	F	T	"Vulkanausbruchg in Panama"	F		F		4	3	3	4	3	"Abstimmungen stehen an"	"Neue Coronamutation"	"Prinzessin von Monaco im Spital"	5	4	1	5	4	1	2	3	1	2	5	3	2	"8050"	2		"Nein"	5	1	1					5	9	21	31	2	7	83	12	40	93	114	144	29	53	33	19	14	11	9	16	14	13	15	5	8	16	30	5	34	860		2021-11-28 13:31:19	T	F	30	30	0	0	0.93	6
313			"base"	"interview"	2021-11-28 13:21:01	1	1	84	1	3	F	F	T	T	F	F	F	F	F	F	F	F	F	F	F	F	F	F	F	T	F	F	F		3	5		2	T	T	F	F	F	F		F		F		4	2	3	1	3	"20 Jähriger hat ein Obdachlosen totgeschlagen in Altstetten"	"Spaltung der Gesellschaft wegen Coronavirus"	"Ablehnung der Pflegeinitative durch Bundesrat"	5	4	3	5	4	3	2	3	2	4	3	4	3	"8103"	1			12	2	2					105	7	15	8	4	6	70	19	31	132	123	210	20	38	55	38	18	16	14	31	26	14	19	2	9	18	36	2	6	996		2021-11-28 13:39:13	T	F	30	30	3	1	0.92	8
314			"base"	"interview"	2021-11-28 13:22:37	1	2	78	1	4	F	F	T	T	F	T	F	F	F	F	F	F	F	F	F	F	F	F	F	T	F	F	F		2	5		3	T	T	F	T	F	F		F		F		5	3	1	3	2	"Abstimmungen Covid-Gesetz"	"Jahrestag Flugzeugabsturz Schweiz"	"Unfall Alec Baldwin"	5	2	3	4	3	3	1	1	4	5	4	1	1	"8004"	2			9	1	2					7	4	23	9	11	8	23	9	37	47	56	109	44	58	25	29	10	8	10	14	7	11	9	3	4	7	3	5	8	598		2021-11-28 13:32:35	T	F	30	30	3	1	1.3	21
315			"base"	"interview"	2021-11-28 13:46:52	1	2	84	1	1	F	F	F	F	F	F	F	F	F	F	F	F	F	F	F	F	F	F	F	T	F	F	F		2	5		2	T	F	F	T	F	F		F		F		5	3	2	4	5	"Busse verteilen für Ungeimpfte"	"Covid-Gesetz Abstimmung"		5	5	-9	5	5	-9	2	1	3	3	2	1	2	"8489"	2			12	2	1					14	3	19	11	1	44	23	34	48	41	81	104	7	57	53	24	12	24	16	16	11	14	12	5	16	18	79	1	67	674		2021-11-28 14:01:07	T	F	30	30	11	8	1.09	21
316			"base"	"interview"	2021-11-28 13:49:33	1	1	40	1	6	T	F	T	T	F	F	F	T	F	F	F	F	F	F	T	F	F	F	F	F	F	F	T	"BBC News"	1	4		3	T	T	F	F	T	F		F		F		4	2	-2	5	3	"Omikron-Variante"	"neue Quarantänevorgaben"		3	3	-9	4	4	-9	1	4	3	5	1	1	5	"9016"	2			7	1	1					23	5	29	21	7	10	35	24	22	57	66	62	40	37	16	27	16	16	9	17	12	10	14	15	7	30	14	4	17	662		2021-11-28 14:00:35	T	F	30	30	11	8	0.95	6
317			"base"	"interview"	2021-11-28 13:56:49	1	2	44	1	3	F	F	T	F	F	T	T	F	F	F	F	F	F	F	F	F	F	F	F	F	F	F	F		1	4		3	T	F	F	T	F	T	"Diskriminierung"	F		F		4	2	2	2	3	"Neue Variante"	"Artikel über Jeffrey Epstein"		5	2	-9	4	4	-9	2	3	2	2	3	4	5	"5628"	2		"Ungerade Skalen nicht gut"	8	1	1					6	2	38	9	4	7	23	12	19	64	58	96	3	71	34	20	26	8	8	22	10	9	10	5	11	13	26	5	8	627		2021-11-28 14:07:18	T	F	30	30	8	7	1.2	22
318			"base"	"interview"	2021-11-28 14:01:30	1	2	58	1	1	T	F	F	F	F	F	F	F	F	F	F	F	F	F	F	F	F	F	F	F	F	F	F		2	4		3	T	F	F	F	F	T	"Beziehung zu der EU"	T	"Wirtschaftliche Entwicklung"	F		5	3	3	4	2	"Wahlbeteiligung wird hoch sein"	"Bundesratflieger ging kaputt"	"Kursturz Börse"	4	2	3	4	1	3	1	5	1	1	2	3	5	"4600"	4			5	1	1					328	23	6	101	6	6	55	25	48	55	60	114	35	50	49	16	13	10	12	20	11	10	10	7	10	28	15	19	10	729		2021-11-28 15:34:47	T	F	30	30	3	0	0.91	10
319			"base"	"interview"	2021-11-28 14:19:36	1	2	82	1	2	F	F	F	F	F	T	F	F	F	F	F	F	F	F	F	F	F	F	F	T	F	F	F		1	4		3	T	F	F	T	F	T	"Politik"	F		F		4	3	2	3	2	"Flüchtlinge auf Boot gestorben im Ärmelkanal"	"Österreisch im Lockdown"	"Neue Coronavariante"	5	4	4	5	4	3	1	4	2	1	4	5	4	"8620"	3			4							11	3	89	6	2	23	22	9	39	35	125	98	2	67	81	38	26	14	13	23	18	12	11	5	5	4	27			760		2021-11-28 14:33:05	F	F	28	28	3	1	1.17	34
320			"base"	"interview"	2021-11-28 14:25:30	1	2	32	1	2	F	F	F	F	F	F	F	F	F	F	F	F	T	F	F	F	F	F	F	F	F	F	T	"Sonntagszeitung, Der Beobachter "	1	3		3	T	T	F	T	F	F		F		F		3	3	5	5	3	"Neue Coronamuation"	"Abstimmungen stehen an"	"Interview einer Froscherin die an Nobelpreis beteiligt war aber nicht gewürdigt"	5	5	1	5	3	2	1	2	3	4	3	1	1	"3700"	4			5	1	1					4	10	3	15	6	11	105	9	44	36	81	147	30	46	38	61	13	9	13	19	9	9	15	6	8	8	10	17	6	788		2021-11-28 14:38:38	T	F	30	30	3	1	1.08	21
321			"base"	"interview"	2021-11-28 14:25:46	1	1	64	1	7	F	T	T	T	T	F	F	F	F	F	F	F	F	F	F	F	F	F	F	T	T	T	F		1	4		3	T	F	F	F	F	T	"wirtschaftliche Lage, Lohnungerechtigkeit"	T	"Sport"	F		5	3	2	4	3	"Sport, Golden State Warriors 10 Jahre Rekord gebrochen"	"Neue Corona Variante Omicron, wie kriegt BAG diese in den Griff"	"Frau hat Weihnachtsbeleuchtung aufgehängt und musste sie wieder runternehmen"	1	5	3	5	4	3	1	5	2	1	4	3	4	"8052"	2			17	1	1					9	4	13	74	6	33	363	18	59	191	390	289	28	84	73	29	100	131	18	23	15	26	40	13	15	21	99	3	36	816		2021-11-28 15:02:29	T	F	30	30	3	0	0.57	2
322			"base"	"interview"	2021-11-28 14:32:12	1	2	67	1	2	F	F	T	F	F	T	F	F	F	F	F	F	F	F	F	F	F	F	F	F	F	F	F		1	4		3	T	T	F	T	F	F		F		F		4	3	2	3	4	"Resultat zur Covid Gesetz Abstimmung"	"Kampagne der Impfgegner ruft auch Befürworter auf den Platz"	"Resultat der Justiz- und Pflegeinitiative "	5	3	4	5	5	3	2	2	3	3	4	3	1	"1433"	4		"Was wichtig ist für Gesellschaft, hängt stark damit zusammen, wie sehr es die Person dann auch persönlich interessiert. "	12	1	2					10	8	46	27	4	10	29	27	33	32	85	155	24	95	56	48	11	26	12	26	10	14	12	13	8	23	125	1	4	861		2021-11-28 14:48:26	T	F	30	30	0	0	0.94	12
323			"base"	"interview"	2021-11-28 14:57:00	1	1	78	1	3	F	F	T	F	F	T	F	F	F	F	F	F	F	F	F	F	F	F	F	T	F	F	F		1	5		3	T	T	F	F	F	T	"Gewalttaten in der Schweiz"	F		F		4	2	1	3	2	"Autounfall von 18 Jährigem Lenker"	"Coronamutation "	"Jugendgewalt und Messerstecherei Prozess"	2	5	3	4	1	5	1	4	1	1	2	4	5	"9000"	3			15	1	1					9	13	36	11	3	19	81	15	30	30	129	180	39	162	22	67	17	35	14	10	10	13	23	3	6	5	8	4	5	817		2021-11-28 15:13:41	T	F	30	30	3	1	1.02	12
324			"base"	"interview"	2021-11-28 15:02:24	1	2	84	1	1	F	F	F	F	F	F	F	F	F	F	F	F	F	F	F	F	F	F	F	T	F	F	F		3	4		3	T	T	F	T	F	F		F		F		4	3	4	3	2	"Impfpflicht in gewissen Ländern"	"Österreich im Lockdown"		4	3	-9	4	3	-9	1	3	3	4	2	2	1	"8620"	1			4							9	10	13	12	6	16	29	27	67	60	88	143	8	67	38	29	16	36	42	28	14	16	44	3	7	26	18			743		2021-11-28 15:16:56	F	F	28	28	12	9	0.88	7
325			"base"	"interview"	2021-11-28 15:05:35	1	1	84	1	3	F	F	T	F	F	T	F	F	F	F	F	F	F	F	F	F	F	F	F	T	F	F	F		2	5		3	T	T	F	T	F	F		F		F		4	3	3	2	2	"Corona Mutation"	"Abstimmungen"	"Koalitionsvertrag Deutschland"	4	4	2	4	3	4	2	4	2	1	3	2	3	"4600"	1			5	1	1					5	2	2	27	21	5	61	39	24	54	70	156	39	44	27	13	18	16	9	14	10	10	14	5	5	10	10	1	4	672		2021-11-28 15:17:30	T	F	30	30	3	1	1.29	36
326			"base"	"interview"	2021-11-28 15:08:13	1	2	34	1	6	F	F	T	T	T	F	T	F	F	F	F	F	F	F	F	F	F	F	F	T	F	F	T	"Promiflasche, IMDB"	1	3		1	T	F	F	F	F	F		F		F		5	3	3	4	3	"Neue Corona Variante"	"Nacktfotos von Madonna"	"Abstimmung "	5	1	5	5	2	5	2	1	3	5	5	3	2	"5405"	2			17	1	2					6	18	3	14	3	19	182	29	38	65	97	145	15	42	40	16	11	12	9	26	11	14	24	4	10	9	42	3	321	775		2021-11-28 15:28:41	T	F	30	30	3	1	0.97	18
327			"base"	"interview"	2021-11-28 15:41:10	1	2	51	1	3	F	F	F	F	T	F	F	F	F	F	F	F	F	F	F	F	F	F	F	T	F	F	T	"Zürcher Oberländer, Sonntagszeitung"	1	4		3	T	T	F	F	F	T	"Umwelt & Energie"	F		F		4	3	4	2	2	"Starker Anstieg der Corona-Ansteckungen"	"Neue Coronavariante"		4	5	-9	4	4	-9	1	2	2	2	2	4	2	"8620"	5	"Eidgenössische Berufsprüfung"		4	1	1					27	5	3	7	2	8	66	26	24	41	70	119	2	46	23	32	34	12	12	21	11	12	11	2	6	61	9	3	12	659		2021-11-28 15:52:57	T	F	30	30	11	7	1.21	40
329			"base"	"interview"	2021-11-28 16:05:27	1	2	26	1	2	F	F	F	F	F	T	F	F	F	F	F	F	F	F	F	F	F	F	F	F	F	F	T	"Standpinkt (CDU), Coop und Migroszeitung, Tagblatt"	1	3		3	T	T	F	F	F	T	"Pflegebedarf in der Schweiz"	F		F		5	4	3	1	2	"Ertrunkene Personen (4 Frauen und 1 Kind) im Ärmelkanal"	"China: Diskussion über verschwundene Sportlerin (Basketball?)"	"Vertragsverhandlungen der Schweiz mit der EU"	3	3	5	4	4	5	1	4	1	1	4	3	4	"8057"	2			3	1	1					5	5	4	18	1	17	85	7	32	119	146	364	22	113	81	13	17	12	42	28	35	21	31	6	15	38	12	5	3	843		2021-11-28 16:27:04	T	F	30	30	3	0	0.98	21
331			"base"	"interview"	2021-11-28 16:28:12	1	2	73	1	3	F	T	T	F	F	T	F	F	F	F	F	F	F	F	F	F	F	F	F	F	F	F	F		1	4		2	T	T	F	F	F	F		F		F		5	3	-2	2	3	"Boosterimpfung"	"neue Covidfälle Deutschland"	"Abstimmungen Schweiz"	4	5	5	2	4	5	1	4	2	1	3	4	-2	"9001"	4			7	2	1					5	3	20	9	2	9	53	7	21	84	56	74	2	40	22	3	15	14	2	31	10	9	14	3	11	8	10	5	33	551		2021-11-28 16:37:47	T	F	30	30	3	1	1.4	45
332			"base"	"interview"	2021-11-28 16:39:40	1	2	45	1	6	F	F	T	T	F	F	T	F	F	F	F	F	F	F	F	F	F	F	F	T	T	T	F		2	5		3	T	T	F	F	F	T	"Vermissmeldungen"	F		F		3	3	3	3	4	"Mutation des Virus"	"Einreisen nach Amerika erschwert durch Corona"	"Vermisstes Kind"	5	5	5	5	5	5	1	1	4	3	4	5	1	"5330"	4			17	1	1					6	8	4	11	3	20	189	22	41	123	181	117	5	79	9	33	20	28	2	39	22	39	40	3	9	12	4	9	21	901		2021-11-28 16:57:59	T	F	30	30	3	1	1.1	32
333			"base"	"interview"	2021-11-28 16:49:27	1	2	27	1	3	F	T	T	F	F	F	F	F	F	F	F	F	F	F	F	F	F	F	F	F	F	F	T	"Zürcher Unterländer"	3	4		3	T	T	F	F	F	T	"Sport allgemein"	F		F		5	3	1	3	3	"Covid-19 allgemein (neue Fälle)"	"Abstimmung vom 28. - Prognose"	"Autounfall"	5	5	3	5	5	3	1	3	3	2	4	2	3	"8153"	2			19	1	1					12	74	43	10	6	20	35	18	25	23	59	76	33	50	34	23	16	14	10	19	19	21	23	7	10	16	15	30	21	667		2021-11-28 17:02:09	T	F	30	30	3	0	0.85	4
334			"base"	"interview"	2021-11-28 17:04:10	1	1	83	1	3	T	F	F	F	T	F	F	F	F	F	F	F	F	F	F	F	F	F	F	F	F	F	T	"Frankfurter, FAZ, Wallstreet Journal"	1	5		3	F	T	T	F	F	T	"Kryptowährungen"	F		F		3	2	4	2	1	"Hochrechnungen der Abstimmungen"	"Inflation in Amerika"	"Coronafallzahlen"	5	2	4	5	5	3	1	4	3	1	3	3	4	"8134"	3		"nein"	2	1	1					10	3	32	8	6	7	86	9	14	44	50	65	31	39	19	16	10	7	11	14	10	11	11	4	12	6	10	5	4	554		2021-11-28 17:13:24	T	F	30	30	0	0	1.29	18
335			"base"	"interview"	2021-11-28 17:14:32	1	1	53	1	2	T	F	T	F	F	F	F	F	F	F	F	F	F	F	F	F	F	F	F	F	F	F	F		1	5		3	T	F	F	F	F	T	"Bildung"	T	"Verhältnis zu EU (Aussenpolitik)"	F		5	3	4	2	1	"Flüchtlingssterben zwischen FR und GRB"	"Scheitern letzter Klimagipfel"	"Österreich offen zur Impfpflicht"	3	4	4	4	5	3	2	4	2	1	1	1	5	"8134"	4		"Wichtige Infos auch aus nicht-publizistischen Quellen "	2							4	164	31	11	5	6	67	9	29	64	107	102	26	54	32	21	18	10	26	25	21	19	13	6	13	49	168			732		2021-11-28 17:32:52	F	F	28	28	0	0	0.86	5
336			"base"	"interview"	2021-11-28 17:35:50	1	2	83	1	4	F	F	T	F	F	F	F	F	T	F	F	F	F	F	F	F	F	F	F	T	F	T	F		3	4		3	T	T	F	F	F	T	"Fasnacht steht in den Sternen wegen Corona"	F		F		5	1	1	1	1	"Zertifikatspflicht bezüglich Corona"	"Fasnacht möglich auch mit Corona?"	"In Luzern junger Mann erstochen worden"	5	1	5	3	5	3	2	3	3	1	3	1	2	"6404"	2			17	1	1					19	13	4	23	2	15	113	17	33	73	54	86	3	61	30	15	14	14	12	14	13	13	15	9	13	9	13	19	5	709		2021-11-28 17:47:54	T	F	30	30	3	1	1.08	27
337			"base"	"interview"	2021-11-28 17:48:08	1	1	83	1	1	F	F	F	F	F	F	F	F	F	F	F	F	F	F	F	F	F	F	F	T	F	F	F		1	2		1	T	F	F	F	F	F		F		F		5	4	4	4	2	"Luzerner Messerstecherei an Tankstelle"	"Österreich Lockdown"	"In Rotterdamm Autos zum Protest Autos angezündet "	2	1	1	2	2	2	1	1	1	1	4	1	1	"8717"	1			17	1	1					7	6	5	13	2	25	83	13	40	31	53	71	2	45	28	16	13	6	2	24	13	9	12	4	12	17	59	1	6	571		2021-11-28 17:58:27	T	F	30	30	3	1	1.38	46
338			"base"	"interview"	2021-11-28 17:56:30	1	2	44	1	2	F	F	T	F	F	T	F	F	F	F	F	F	F	F	F	F	F	F	F	F	F	F	F		1	5		3	T	T	F	F	T	F		F		F		3	3	-1	3	1	"Abstimmungen"	"Corona Mutation"	"Booster-Impfung"	5	5	5	5	5	5	2	4	3	1	5	3	5	"8045"	2			9	2	1					129	4	3	6	2	7	32	8	28	41	101	76	30	26	12	24	19	10	14	16	8	14	10	3	3	7	2	1	7	523		2021-11-28 18:07:13	T	F	30	30	3	1	1.55	47
339			"base"	"interview"	2021-11-28 18:08:50	1	2	32	1	2	F	F	T	F	F	T	F	F	F	F	F	F	F	F	F	F	F	F	F	F	F	F	F		1	4		3	T	T	F	F	T	F		F		F		5	5	3	4	4	"Virus Mutation"	"Abstimmungssonntag"	"Booster-Impfung"	5	5	5	5	5	5	2	3	4	4	5	1	1	"8253"	2			9	1	1					5	14	3	6	1	5	20	24	15	60	47	53	27	22	17	12	16	13	12	28	9	10	9	2	8	3	2	3	4	450		2021-11-28 18:16:20	T	F	30	30	3	1	1.66	55
340			"base"	"interview"	2021-11-28 18:14:02	1	1	46	1	4	T	T	F	F	F	T	F	F	F	F	F	F	F	F	F	F	F	F	F	F	F	F	T	"Die Zeit, Die Süddeutsche Zeitung, FAZ, NY Times, Die Republik,Reise,TAZ, Der Standart aus Österreich"	1	5		3	T	T	F	T	F	F		F		F		3	2	3	3	3	"Neu Coronamutation aufgetreten"	"Gibraltar ist zu 100% geimpft die Anticoronaschwurbler nahmen es als Beispiel für das nicht wirken der Impfung"	"Corona Hotspot um Österreich, Schweiz und Umfeld bald mitbetroffen."	5	2	5	4	2	4	2	5	1	1	2	5	4	"8008"	4			5	1	1					11	19	9	26	5	17	280	21	26	36	109	346	47	74	55	28	13	7	13	14	12	12	11	7	16	9	6	3	4	750		2021-11-28 18:34:38	T	F	30	30	3	1	1.01	13
341			"base"	"interview"	2021-11-28 18:37:49	1	2	52	1	1	F	F	T	F	F	F	F	F	F	F	F	F	F	F	F	F	F	F	F	F	F	F	F		4	4		3	T	T	F	F	F	T	"Umwelt generell"	F		F		5	5	3	3	3	"Häusliche Gewalt"			5	-9	-9	5	-9	-9	1	2	5	4	4	2	1	"9473"	2		"Lieber Online-Befragung"	1	1	1					7	4	25	16	3	4	24	23	26	45	82	58	2	26	15	26	33	9	2	27	17	9	11	1	17	9	44	7	4	576		2021-11-28 18:47:26	T	F	30	30	17	16	1.4	45
342			"base"	"interview"	2021-11-28 18:56:58	1	1	78	1	4	T	T	T	F	F	F	F	F	F	F	F	F	F	F	F	F	F	F	F	F	F	F	T	"Finanz und Wirtschaft"	1	5		3	T	F	F	F	F	T	"Gewalt von Jugendlichen"	T	"Reform des Vorsorgesystems"	F		4	3	4	3	3	"Neuer Coronavariante"	"Pensionskassenreform von Bundesrat abgelehnt"	"Immobilienblase in der Schweiz"	5	5	5	5	4	5	1	4	1	4	2	2	4	"8057"	4			3	1	1					6	16	83	9	2	4	66	7	11	106	61	106	15	60	20	58	191	10	15	569	16	30	16	1	4	3	17	2	3	783		2021-11-28 19:22:05	T	F	30	30	3	0	1.31	31
343			"base"	"interview"	2021-11-28 18:59:52	1	1	73	1	6	T	T	T	T	T	T	F	F	F	F	F	F	F	F	F	F	F	F	F	F	F	F	F		1	4		3	T	F	F	F	T	T	"Nahostkrise"	F		F		4	3	2	3	3	"Interview mit GC Chef"	"Richtpläne Abstimmung KT Zürich"	"Impflicht Österreich"	2	2	5	5	4	3	2	4	2	1	3	4	4	"8045"	3			9	1	1					5	6	3	15	4	4	30	7	25	109	47	145	19	43	21	15	13	7	9	16	18	18	13	2	3	8	2	1	6	614		2021-11-28 19:10:06	T	F	30	30	3	1	1.52	44
344			"base"	"interview"	2021-11-28 19:08:12	1	1	44	1	3	T	F	F	F	F	F	F	F	F	F	F	F	F	F	T	F	F	F	F	F	F	F	T	"Nebelspalter, Grenchner Tagblatt"	1	5		3	T	T	F	F	F	T	"Bundesrat & Handeln"	F		F		5	4	1	2	1	"Omikron - Südafrika"	"Windpark abgelehnt aufgrund Wanderfalken "	"Reisebeschränkungen"	1	5	4	1	5	1	1	4	1	1	2	2	3	"8606"	4		"nein"	2	1	2					9	4	15	13	4	5	44	6	10	54	41	55	19	34	19	12	8	6	9	11	7	16	12	2	5	5	10	2	4	441		2021-11-28 19:15:33	T	F	30	30	0	0	1.61	31
345			"base"	"interview"	2021-11-28 19:12:07	1	2	85	1	2	F	F	T	F	F	F	F	F	F	F	F	F	F	F	F	F	F	F	F	T	F	F	F		1	5		3	T	F	F	T	F	T	"Arbeitslosigkeit"	F		F		5	-1	-1	3	2	"Anti-Corona-Demonstration"	"Abstimmungssonntag"	"Ausschreitungen an Demos"	4	5	5	3	2	3	2	3	5	3	3	4	1	"8045"	1			9	2	2					6	2	2	6	2	6	18	33	15	57	53	62	18	52	39	19	18	6	8	16	13	10	7	1	4	4	3	2	4	465		2021-11-28 19:20:13	T	F	30	30	3	1	1.74	57
346			"base"	"interview"	2021-11-28 19:51:51	1	1	80	1	-2	F	F	F	F	F	F	F	F	F	F	F	F	F	F	F	F	F	F	F	F	F	F	F		5	2		3	T	T	T	F	F	F		F		F		5	4	3	3	3	"Corona Zahlen"	"Bald Abstimmungen"		3	3	-9	2	1	-9	2	1	3	1	1	1	1	"9230"	2			1	2	2					5	15	4	12	1	4	30	8	30	29	58	189	1	42	43	13	12	7	2	26	6	7	10	1	8	4	3	2	59	581		2021-11-28 20:02:22	T	F	30	30	11	8	1.73	69
347			"base"	"interview"	2021-11-28 19:58:25	1	1	61	1	3	F	F	T	F	F	T	F	F	F	F	F	F	F	F	F	F	F	F	F	T	F	F	F		3	4		3	T	F	F	F	T	T	"fussball wm Ausscheidungen"	F		F		2	3	3	5	4	"südarfikanische covid-19 variante"	"hohe fallzahlen corona"	"Sportler in USA müssen Bussde zahlen weil ungeimpft und nicht gestestet"	5	5	2	5	4	3	1	3	3	1	3	3	2	"8041"	2			11	1	1					7	78	16	38	2	9	45	15	91	134	129	498	2	83	56	41	24	19	3	37	31	65	125	3	5	85	3	3	11	842		2021-11-28 20:26:03	T	F	30	30	3	1	0.98	32
348			"base"	"interview"	2021-11-28 20:02:50	1	1	80	1	-2	F	F	F	F	F	F	F	F	F	F	F	F	F	F	F	F	F	F	F	F	F	F	F		3	2		3	T	T	F	T	F	F		F		F		5	4	-2	-2	-2	"Abstimmung"			3	-9	-9	1	-9	-9	2	1	3	1	1	1	1	"9230"	2			1	2	2					3	3	3	5	2	85	11	9	7	31	46	34	1	15	16	8	9	4	1	9	4	10	8	1	9	5	1	3	9	277		2021-11-28 20:08:42	T	F	30	30	20	17	2.23	115
349			"base"	"interview"	2021-11-28 20:08:46	1	2	81	1	-2	F	F	F	F	F	F	F	F	F	F	F	F	F	F	F	F	F	F	F	F	F	F	F		5	2		2	T	T	F	F	F	F		F		F		5	4	-2	-2	-2				-9	-9	-9	-9	-9	-9	2	1	3	1	1	1	1	"9230"	2			1	2	2					4	5	4	4	2	2	4	7	5	11	20	23	1	4	3	6	5	5	1	11	6	7	7	1	6	5	1	1	4	165		2021-11-28 20:11:32	T	F	30	30	29	26	2.59	180
350			"base"	"interview"	2021-11-28 20:19:30	1	2	17	1	2	F	F	T	F	F	F	F	F	F	F	F	F	F	F	F	F	F	F	F	F	F	F	T	"Landbote"	3	4		3	T	F	F	T	F	T	"Regierung und Eingehen auf Volk (Zwischenmenschliches)"	F		F		5	3	4	4	3	"Abstimmungen & Bundesratsempfehlung"	"Corona: nicht geimpft = kein Spitalplatz (CH)"		5	5	-9	5	5	-9	1	2	3	4	5	2	2	"3113"	2		"nein"	2	2	1					7	3	20	9	4	23	40	12	25	124	90	209	22	63	56	12	19	8	22	28	11	14	26	3	8	16	19	3	4	900		2021-11-28 20:34:30	T	F	30	30	8	7	1.02	8
351			"base"	"interview"	2021-11-28 20:26:28	1	2	51	1	4	F	F	T	T	F	T	F	F	F	F	F	F	F	F	F	F	F	F	F	T	F	F	F		3	5		3	T	F	F	T	T	F		F		F		4	4	2	1	2	"Demonstration der Gegner des covid-19 gesetzes"	"flüchlinge an der Grenze zu weissrussland"	"Anti black friday bewegung der Jungen"	4	5	4	4	5	5	1	4	3	1	3	3	5	"8041"	1			11	1	1					7	10	76	21	19	18	73	12	23	38	141	280	2	116	48	4	11	12	2	33	14	19	27	1	7	34	6	2	5	983		2021-11-28 20:44:09	T	F	30	30	3	1	1.18	42
352			"base"	"interview"	2021-11-28 20:29:55	1	1	83	1	2	F	F	T	F	F	F	F	F	F	F	F	F	F	F	F	F	F	F	F	T	F	F	F		5	3		3	T	T	F	T	F	F		F		F		5	3	2	3	2	"Abstimmung zum Corona-Gesetz"	"Walliser Coronagegner an Corona gestorben"	"Bericht über Grenadiere"	4	3	3	2	2	5	1	2	1	1	3	3	1	"8614"	3			4	1	1					7	4	3	9	1	29	15	16	42	125	63	68	2	47	27	39	19	10	21	16	17	10	10	2	7	3	6	1	9	628		2021-11-28 20:40:24	T	F	30	30	3	1	1.48	59
353			"base"	"interview"	2021-11-28 20:34:38	-9	1	20	1	3	T	F	T	F	F	F	F	F	F	F	F	F	F	F	F	F	F	F	F	F	F	F	T	"Landbote, Gemeinde-Anzeiger"	3	3		3	T	F	F	F	T	T	"Kriege"	F		F		5	4	3	5	5	"Russland und Ukraine Krise"	"Macrons über Flüchtlinge"	"Stadler Rail Sohn als Geschäftsführer?"	5	4	5	5	5	5	1	4	4	2	5	2	2	"3113"	2		"nein"	2	2	2					25	3	43	11	5	8	97	29	38	95	168	281	45	122	61	9	17	7	25	29	21	19	24	5	4	61	68	3	4	1137		2021-11-28 20:56:45	T	F	30	30	3	3	0.86	10
354			"base"	"interview"	2021-11-28 20:40:29	1	2	84	1	2	F	F	T	F	F	F	F	F	F	F	F	F	F	F	F	F	F	F	F	T	F	F	F		2	4		3	T	T	F	T	F	F		F		F		4	3	4	3	2	"Neue Variante des Coronavirus"	"Impfpflicht in gewissen Ländern"		5	4	-9	4	3	-9	1	2	3	1	2	1	1	"8620"	1			4	1	1					4	3	3	4	2	2	13	8	7	8	19	47	2	64	78	4	67	17	2	74	33	29	31	3	5	4	2	5	5	420		2021-11-28 20:49:34	T	F	30	30	11	8	1.91	99
355			"base"	"interview"	2021-11-28 20:53:12	1	1	84	1	1	F	F	F	F	F	F	F	F	F	F	F	F	F	F	F	F	F	F	F	F	T	F	F		1	5		3	T	T	F	T	F	F		F		F		4	3	2	3	2	"Abstimmungsresultate"	"Neue DDR6 RAM Akündigung"	"Ankündigung Videospiel ""Eldenring"""	5	3	2	4	4	5	1	3	2	1	3	5	4	"3860"	2			5	1	1					4	27	11	30	1	9	83	6	37	112	63	102	20	40	36	20	15	33	11	20	14	11	11	7	7	14	17	7	4	751		2021-11-28 21:06:04	T	F	30	30	3	1	1.12	17
356			"base"	"interview"	2021-11-28 21:03:46	1	2	43	1	2	F	F	T	F	F	F	F	F	F	F	F	F	F	F	F	F	F	F	F	F	F	F	T	"NAG, Zürcher Oberländer"	2	5		3	T	T	F	F	F	T	"Umweltschutz"	F		F		5	3	3	3	3	"Abstimmungen Resultate"	"Omikron neue Corona-Variante"	"Black Friday Umsatzzahlen"	5	5	4	5	5	3	1	2	5	3	5	1	1	"8606"	2		"nein"	2	1	1					6	3	23	13	6	8	46	13	26	36	114	151	17	57	28	12	21	6	17	20	8	13	10	5	7	7	8	4	4	689		2021-11-28 21:15:15	T	F	30	30	0	0	1.2	14
357			"base"	"interview"	2021-11-28 21:11:52	1	2	51	1	2	F	F	T	F	T	F	F	F	F	F	F	F	F	F	F	F	F	F	F	F	F	F	F		1	4		3	T	T	F	F	F	T	"Unfälle"	F		F		4	2	2	1	1	"Resultate der Abstimmungen"	"Mutation des Covid "	"16 jähriger der über die Autobahn lief"	5	3	1	4	3	3	2	3	4	2	3	2	3	"8152"	3			13	1	1					25	3	21	94	2	19	37	11	25	50	51	67	34	44	35	18	20	24	19	15	16	11	13	3	10	15	14	2	12	628		2021-11-28 21:23:42	T	F	30	30	3	1	1.04	10
358			"base"	"interview"	2021-11-28 21:33:57	1	2	81	1	4	T	T	T	F	T	F	F	F	F	F	F	F	F	F	F	F	F	F	F	F	F	F	F		1	3		3	T	T	F	F	T	F		F		F		4	3	2	2	2	"Corona Skeptiker nach der Abstimmung - Demonstrationen"	"Corona Massnahmen in Österreich"	"Open Forum WEF abgesagt wegen Morddrohungen"	5	3	2	4	3	4	2	4	2	2	3	5	3	"6340"	3		"Die Häuffigkeit der Berichterstattung von Corona ist insgesamt zu hoch jedoch bei der guten Berichterstattung zu niedrig."	15	1	1					24	4	67	9	5	26	64	19	30	34	167	289	51	90	27	33	56	6	3	25	26	29	15	36	6	5	159	3	9	908		2021-11-28 21:55:54	T	F	30	30	0	0	0.92	12
359			"base"	"interview"	2021-11-28 21:40:18	1	2	39	1	2	F	F	T	F	F	F	F	F	F	F	F	F	F	F	F	F	F	F	F	T	F	F	F		1	5		3	T	T	F	F	F	T	"Wirtschaft"	F		F		5	3	2	4	2	"Neue Variante"	"Abstimmungen"	"Massnahmen Bundesrat"	1	4	2	1	4	1	2	5	1	1	4	2	4	"8907"	2			8	1	1					5	4	17	8	1	6	20	7	11	30	81	70	3	36	19	17	8	5	5	13	13	14	13	2	5	10	5	2	3	433		2021-11-28 21:47:31	T	F	30	30	3	1	1.77	49
360			"base"	"interview"	2021-11-28 21:48:28	1	1	80	1	1	F	F	T	F	F	F	F	F	F	F	F	F	F	F	F	F	F	F	F	F	F	F	F		1	4		3	T	T	F	F	F	T	"Wm Qualifikation"	F		F		5	3	3	4	4	"Neue Variante"	"Abstimmungen"	"WM-Qualifikation vielleicht Portugal gegen Italien"	2	5	1	1	4	3	2	3	2	1	3	2	3	"8135"	3			8	1	1					4	6	72	6	5	14	43	12	30	60	77	64	2	56	50	29	23	26	9	22	10	18	13	4	10	15	9	4	3	696		2021-11-28 22:00:04	T	F	30	30	3	1	1.13	27
363			"base"	"interview"	2021-11-29 09:38:58	1	1	74	1	2	F	F	T	F	F	F	F	F	F	F	F	F	F	F	F	F	F	F	F	F	F	F	T	"reddit, youtube"	2	3		3	T	T	F	F	F	T	"Sport"	F		F		3	2	2	1	2	"Abstimmungsresultate"	"Corona Impfdruck verstärken"	"FC Basel gewonnen"	5	4	1	4	4	1	2	3	2	2	5	4	3	"8600"	2		"Bilder sind manchmal fast wichtiger als Schlagzeilen"	13	1	1					34	3	51	8	6	10	41	13	37	90	82	72	30	58	27	22	16	9	9	18	11	12	13	2	10	18	35	2	4	743		2021-11-29 09:51:22	T	F	30	30	0	0	1.07	10
364			"base"	"interview"	2021-11-29 09:45:41	1	1	84	1	2	F	F	T	F	F	F	F	F	F	F	F	F	F	F	F	F	F	F	F	T	F	F	F		2	3		3	T	T	T	F	F	F		F		F		5	3	4	2	3	"Ikea bietet in Tokyo wohnung für 1.- an"	"Frau die bei roadrage starb war der agressor"	"österreich hat allgemeine Impfpflicht"	2	1	4	3	4	5	2	3	1	1	3	1	2	"9443"	3			11	1	1					362	3	23	41	5	6	48	15	25	140	154	286	1	72	30	15	17	13	3	113	30	28	64	2	17	21	65	2	4	1011		2021-11-29 10:12:26	T	F	30	30	3	1	1.01	29
365			"base"	"interview"	2021-11-29 10:08:53	1	2	76	1	1	F	F	F	F	F	F	F	F	F	F	F	F	F	F	F	F	F	F	F	T	F	F	F		4	2		3	T	T	F	T	F	F		F		F		4	-1	-1	3	3	"Abstimmungen vom 28. November"			5	-9	-9	4	-9	-9	2	2	2	4	5	1	1	"8408"	4			20	1	1					1969	5	25	9	2	21	14	35	21	49	79	40	8	24	28	14	11	10	2	25	8	11	13	2	4	8	2	1	13	470		2021-11-29 10:49:48	T	F	30	30	20	17	1.57	43
366			"base"	"interview"	2021-11-29 10:15:01	1	2	83	1	3	F	T	T	F	F	T	F	F	F	F	F	F	F	F	F	F	F	F	F	F	F	F	F		4	4		3	T	T	F	F	T	F		F		F		5	4	3	3	2	"Katzencafe in zürich"	"flüchtlinge an gernze zu belarus "	"2-G in österreich"	2	4	4	4	4	3	2	4	1	2	3	4	5	"8046"	3			11	1	1					24	3	73	10	3	12	40	23	32	34	92	117	2	85	59	10	63	32	2	126	12	11	10	2	10	7	14	5	15	755		2021-11-29 10:30:30	T	F	30	30	3	1	1.11	33
367			"base"	"interview"	2021-11-29 10:15:36	1	2	54	1	2	F	F	T	F	F	F	F	F	F	F	F	F	F	F	T	F	F	F	F	F	F	F	F		1	4		2	T	T	F	F	F	F		F		F		5	2	3	5	3	"Omrikon - CoVid neue Virusvariante"	"Junge auf Autobahn überfahren"	"""So hat die Schweiz abgestummen"" "	4	1	4	4	1	5	-1	3	1	2	3	4	2	"8702"	3		"Bei Schlagzeile ""Exfreundin von Prinz Harry..."" -> 3"	6	1	1					120	3	3	52	3	17	27	12	105	34	204	95	59	69	39	6	17	16	15	15	15	23	19	4	28	5	41	2	87	678		2021-11-29 10:34:31	T	F	30	30	0	0	1.04	25
368			"base"	"interview"	2021-11-29 10:49:59	1	1	75	1	3	T	T	F	F	F	T	F	F	F	F	F	F	F	F	F	F	F	F	F	F	F	F	F		1	4		3	T	T	F	F	F	T	"politik in deutschland"	F		F		4	3	5	2	2	"analyse der stimmbevölkerung zu abstimmung"	"massnahmen gegner massvoll akzeptiert abstimmungsergebnis nicht"	"ampel koalition"	4	3	4	5	5	3	1	5	1	1	2	2	5	"9400"	3			11	1	1					142	35	3	48	2	12	49	59	25	110	104	130	2	57	37	22	22	11	3	42	15	33	10	2	12	10	8	2	4	765		2021-11-29 11:06:50	T	F	30	30	3	1	1.17	43
369			"base"	"interview"	2021-11-29 10:50:33	1	1	45	1	2	F	F	F	T	F	F	F	F	F	F	F	F	F	F	F	F	F	F	F	T	F	F	F		1	4		3	T	T	F	F	F	T	"Gesellschaftsspaltung (Demokratieverständnis) "	F		F		5	3	3	3	3	"Abstimmungsergebnis über die Initiative "	"Fussballresultate"		5	1	-9	4	3	-9	2	3	2	2	1	5	5	"8472"	5	"höhere Fachausbildung"		20	1	1					44	3	20	12	1	15	32	9	32	59	61	85	3	27	34	17	16	11	2	25	35	22	11	2	5	28	2	1	6	598		2021-11-29 11:00:53	T	F	30	30	11	8	1.43	47
370			"base"	"interview"	2021-11-29 11:01:41	1	2	80	1	2	F	F	T	F	F	F	F	F	F	F	F	F	F	F	F	F	F	F	F	T	F	F	F		4	4		3	T	T	F	F	F	T	"Bilaterale Verträge"	F		F		4	3	3	2	2	"Astroworld Unfälle"	"Battlefield 2042 Debakel: viele Bugs"	"Massenweise neue Metalkonzerte werden jetz organisisert und angekündigt"	1	2	2	4	3	5	1	3	2	1	3	4	1	"3806"	2			5	1	1					22	15	3	18	10	17	35	16	41	106	54	149	22	58	30	11	22	9	11	19	9	8	10	10	9	12	19	4	4	753		2021-11-29 11:14:14	T	F	30	30	3	1	1.04	20
371			"base"	"interview"	2021-11-29 11:01:50	1	2	78	1	4	T	T	T	F	F	F	F	F	F	F	F	F	F	F	F	F	F	F	F	F	F	T	F		1	5		3	T	T	F	F	F	T	"Öffnung der Skigebiete "	F		F		4	3	3	1	1	"Ergebnis der Abstimmungen"	"neue Virusvariante "	"Ein Beitrag zu Bachelor "	5	4	1	5	3	2	1	3	2	5	2	4	2	"8458"	2			20	1	1					10	33	4	7	6	6	31	6	10	35	47	66	2	21	18	27	10	13	7	13	25	17	13	1	17	7	2	1	12	439		2021-11-29 11:09:37	T	F	30	30	3	1	1.61	63
372			"base"	"interview"	2021-11-29 11:43:55	1	1	85	1	3	T	F	T	F	F	F	F	F	F	F	F	F	F	F	F	F	F	F	F	T	F	F	F		1	5		3	T	T	F	T	F	F		F		F		5	2	4	3	2	"Tod Virgil Abloh"	"Abstimmungsergebnisse"	"Corona-Fallzahlen"	1	5	3	3	5	2	1	5	3	3	4	2	1	"8627"	1			9	1	1					2848	3	2	5	1	5	20	9	16	35	80	39	23	34	20	12	13	12	9	16	9	10	8	2	8	9	1	2	22	434		2021-11-29 12:38:28	T	F	30	30	3	1	1.62	64
373			"base"	"interview"	2021-11-29 12:00:52	1	1	32	1	9	F	T	F	T	T	T	F	F	F	F	T	F	F	F	F	F	F	F	F	T	T	T	T	"MSN"	2	4		3	T	F	F	T	F	T	"Starker Franken"	F		F		4	3	2	2	3	"Neue Virus Variante Südafrika"	"Konferenz für globale Erwärmung"	"Elektroautos im Vormarsch"	4	4	2	3	4	2	1	3	2	1	2	2	2	"5415"	5	"Technikerschule für Maschinenbau"		17	1	1					6	3	4	9	8	15	144	13	25	32	63	83	1	49	32	29	18	36	16	19	19	35	15	4	13	42	20	2	10	609		2021-11-29 12:13:37	T	F	30	30	3	0	1.08	32
374			"base"	"interview"	2021-11-29 12:44:04	1	1	43	1	3	T	T	F	F	F	T	F	F	F	F	F	F	F	F	F	F	F	F	F	F	F	F	F		1	5		3	T	T	F	T	F	F		F		F		4	3	-1	4	2	"Politiker fordern 2G"	"Omikron Mutation"	"Ergebnisse Abstimmungen"	5	5	5	5	5	5	1	5	2	1	3	3	5	"8045"	4			9	1	1					7	8	12	44	9	6	11	8	9	21	60	72	34	23	14	8	15	7	6	9	32	12	12	4	7	11	5	4	8	427		2021-11-29 12:52:02	T	F	30	30	3	1	1.51	31
375			"base"	"interview"	2021-11-29 12:48:21	1	2	80	1	5	F	F	T	T	T	F	F	F	F	F	F	F	F	F	F	F	F	F	T	F	F	T	F		1	4		3	T	T	F	T	F	F		F		F		4	2	3	3	2	"Omikron breitet sich immer mehr aus"	"Velofreundliches Tramgleis in Basel"	"Statt 3G Regel eventuell bald 2G Regel in der Schweiz"	5	3	5	5	4	4	2	2	2	1	2	3	3	"8050"	3			18	1	1					7	6	4	11	1	9	19	4	5	74	14	275	1	13	15	10	7	4	2	4	6	6	16	2	39	135	2	2	5	546		2021-11-29 12:59:59	T	F	30	30	3	1	2.02	97
376			"base"	"interview"	2021-11-29 13:01:50	1	1	29	1	2	T	F	F	F	F	F	F	F	F	F	F	F	F	F	F	F	F	F	F	F	F	F	T	"Oltner Tagblatt"	1	4		3	T	T	F	F	F	T	"Umgang mit Andersdenkenden"	F		F		5	4	2	3	4	"Umgang mit Meinunsgräben In der Schweiz was soll getan werden"	"Pflegeinitiative was kommt genau jetzt?"	"Angstmacherei neue Coronamutation"	5	3	4	5	2	2	1	5	1	1	5	2	5	"4654"	4		"Unterscheidung zwischen Schreibstil und Themenauswahl von NZZ und Tagblatt Olten "	5	1	1					26	53	14	13	3	13	33	17	33	93	223	146	22	80	40	112	16	13	7	26	10	11	11	9	12	32	72	8	51	808		2021-11-29 13:21:49	T	F	30	30	0	0	0.78	5
377			"base"	"interview"	2021-11-29 13:04:57	1	2	84	1	2	F	F	T	F	F	F	F	F	F	F	F	F	F	F	F	F	F	F	F	T	F	F	F		1	4		3	T	T	F	F	F	T	"Fussball NAtionalmannschaft qualifiziert für WM"	F		F		5	2	3	3	-1	"Neue Variation Coronavirus, Omikron"	"Winteruniversiade abgesagt"	"In Holland müssen Leute, die die Quarantäne nicht einhalten ins Gefängnis"	5	3	2	5	5	4	1	2	4	4	3	3	1	"8044"	1			18	2	1					13	2105	15	22	5	7	154	9	5	77	40	99	2	52	29	31	13	13	6	20	13	13	71	5	69	10	6	5	8	588		2021-11-29 13:53:34	T	F	30	30	3	1	1.11	32
378			"base"	"interview"	2021-11-29 13:29:25	1	2	81	1	2	F	F	F	T	F	F	F	F	F	F	F	F	F	F	F	F	F	F	F	T	F	F	F		2	4		3	T	T	F	F	F	T	"Einwanderungspolitik "	F		F		3	2	-1	1	1	"Konzert von Travis Scott  "	"Abstimmungsergebnis"	"Gastro-Branche zahlt Mitarbeitenden Geld aus, wenn sie neue Mitarbeitende bringen"	2	5	5	4	3	5	1	2	2	5	5	1	1	"8008"	2			20	2	1					4	7	1569	20	2	16	31	11	36	73	142	170	2	58	33	28	33	7	2	49	37	31	38	2	9	17	6	1	8	821		2021-11-29 14:10:08	T	F	30	30	3	1	1.16	38
379			"base"	"interview"	2021-11-29 13:37:44	1	1	36	1	2	F	T	F	F	F	T	F	F	F	F	F	F	F	F	F	F	F	F	F	F	F	F	F		1	5		3	T	T	F	F	F	T	"Wetter"	F		F		5	3	5	3	3	"Eidgenössische Wahlen"	"Corona-Mutation"	"Frauenslalom"	5	5	2	5	5	2	2	5	1	1	2	1	3	"8045"	4			9	1	1					8	5	15	26	7	5	17	8	13	37	45	41	35	26	20	29	9	9	9	14	9	9	10	2	4	6	2	2	4	426		2021-11-29 13:44:51	T	F	30	30	3	1	1.62	39
380			"base"	"interview"	2021-11-29 14:04:20	1	1	48	1	4	T	T	F	T	F	T	F	F	F	F	F	F	F	F	F	F	F	F	F	F	F	F	F		2	4		3	T	F	F	T	F	T	"Gesundheitswesen"	F		F		3	3	3	2	2	"Abstimmungsresultate"	"Corona-Mutation"	"Klimapolitik Kohlenausstieg"	5	4	5	5	5	5	2	4	1	1	4	5	4	"8607"	4			9	1	1					8	5	26	13	7	10	46	8	22	51	110	67	13	33	10	58	10	13	9	11	31	11	8	2	9	3	1	2	3	582		2021-11-29 14:14:20	T	F	30	30	3	1	1.45	43
381			"base"	"interview"	2021-11-29 14:22:31	1	2	35	1	3	F	T	T	F	F	T	F	F	F	F	F	F	F	F	F	F	F	F	F	F	F	F	F		1	3		3	T	T	F	F	T	F		F		F		3	2	-1	3	2	"Abstimmungsergebnisse Schweiz"	"Omikron-Variante"	"Booster-Impfungsempfehlung"	5	5	4	3	2	3	1	3	2	2	4	2	2	"8570"	2			7	1	1					88	8	17	7	3	13	27	11	16	46	44	42	24	45	27	8	11	11	9	13	10	13	17	8	14	17	14	13	11	508		2021-11-29 14:32:18	T	F	30	30	3	1	1.15	14
382			"base"	"interview"	2021-11-29 14:45:40	1	2	75	1	3	T	F	F	F	F	T	F	F	F	F	F	F	F	F	F	F	F	F	F	F	F	F	T	"The Economist"	1	3		3	T	F	F	T	F	T	"Nachhaltigkeit"	F		F		5	2	2	2	1	"Abschlussrede von Cop 26 (Klimakonferenz Glasgow)"	"Impfdebatte "		5	1	-9	5	1	-1	1	3	1	1	3	5	3	"8472"	4			20	1	1					18	3	3	78	7	8	37	8	19	75	67	99	1	43	40	24	13	6	4	20	11	14	13	2	7	5	7	2	72	577		2021-11-29 14:57:26	T	F	30	30	8	5	1.36	46
383			"base"	"interview"	2021-11-29 14:54:45	1	1	83	1	3	F	F	T	T	T	F	F	F	F	F	F	F	F	F	F	F	F	F	F	F	F	F	F		1	3		3	T	T	F	F	F	T	"Impfungen allgemein"	F		F		3	3	-1	2	-1	"Japaner wurde verhaftet, weil er Nintendos illegal verkauft hat"	"Neue Coronavariante breitet sich in der EU aus"	"Deutschland muss möglicherweise wieder in den Lockdown"	1	5	3	3	4	4	1	3	1	2	2	4	2	"8610"	3			18	1	1					11	14	20	23	4	8	23	14	25	111	42	278	54	41	27	13	14	26	6	16	10	13	17	23	40	19	17	11	7	877		2021-11-29 15:10:14	T	F	30	30	3	1	0.93	8
384			"base"	"interview"	2021-11-29 15:01:49	1	2	54	1	5	T	F	T	F	T	T	F	F	F	F	F	F	F	F	F	F	F	F	F	F	F	F	T	"Fachzeitschriften Informatik: Inside "	1	5		3	F	F	F	T	T	T	"Verhältnis zur EU"	F		F		5	4	2	4	2	"Corona neue Variante"	"Pflegeinitiative"	"Sport YB verloren gegen Zürich"	4	4	1	2	2	4	2	4	2	1	3	4	5	"5015"	2			5	1	1					4	43	2517	21	10	9	84	13	18	63	64	46	23	43	23	36	12	10	9	18	16	9	8	6	13	16	9	1	6	619		2021-11-29 15:54:19	T	F	30	30	3	0	1.12	17
385			"base"	"interview"	2021-11-29 15:22:28	1	1	82	1	4	T	F	T	F	F	T	F	F	F	F	F	F	F	F	F	F	F	F	F	T	F	F	F		1	5		3	T	T	F	F	F	T	"Wirtschaft-China als Weltmacht"	F		F		3	2	3	2	2	"Abstimmungsresultate vom 28.11.2021"	"Flugzeugabsturz der Britischen Armee"	"Verbot der Ledermäntel in Nordkorea"	5	1	1	5	4	3	1	4	3	2	4	1	4	"8197"	3			19	1	1					10	46	41	10	6	11	41	10	18	41	58	61	29	34	31	18	20	18	9	22	20	28	22	8	13	13	14	19	9	624		2021-11-29 15:33:48	T	F	30	30	3	1	0.9	5
386			"base"	"interview"	2021-11-29 15:35:02	1	1	36	1	3	F	T	F	F	F	T	F	F	F	F	F	F	F	F	F	F	F	F	F	F	F	F	T	"la regione"	1	4		3	T	F	F	T	F	T	"verkehr und umwelt"	F		F		4	4	3	1	3	"dublin klimakonferenz"	"corona neue variante"	"verlagerungsbericht bundesrat"	5	3	2	5	3	5	2	5	1	1	4	4	3	"6997"	5	"technicum"		11	1	1					39	19	29	83	3	12	84	13	86	110	171	97	1	61	25	16	45	13	15	34	14	65	18	1	13	16	6	2	5	883		2021-11-29 15:53:18	T	F	30	30	3	0	0.98	29
387			"base"	"interview"	2021-11-29 16:09:11	1	1	54	1	3	T	F	T	T	F	F	F	F	F	F	F	F	F	F	F	F	F	F	F	F	F	F	F		1	4		2	T	T	F	F	F	F		F		F		5	3	3	2	4	"neue Virusvariante "	"60 Leute in England im Pub eingeschneit "	"Einreisestopp aus Südafrika"	4	1	3	3	4	4	2	3	3	4	3	2	2	"8472"	5	"höhere Fachausbildung"		20	2	1					5	6	156	13	2	8	21	13	24	62	83	151	3	64	48	40	16	19	2	32	13	12	15	4	16	57	2	2	23	736		2021-11-29 16:24:23	T	F	30	30	3	1	1.18	34
388			"base"	"interview"	2021-11-29 16:15:01	1	1	82	1	4	T	F	T	T	F	F	F	F	F	F	F	F	F	F	F	F	F	F	F	T	F	F	F		1	4		3	T	T	F	F	F	T	"Strom/Energie"	F		F		4	3	3	4	2	"Neues Coronavirus"	"Abstimmungsresultate"	"Schwedische Ministerpräsidentin trat nach Nominierung direkt zurück"	5	5	2	4	5	1	1	4	2	1	2	3	3	"8627"	3			4	2	1					39	31	7	8	6	12	77	11	38	90	81	112	33	48	34	28	59	47	24	41	11	21	14	2	21	4	17	3	10	851		2021-11-29 16:30:30	T	F	30	30	3	1	0.94	12
389			"base"	"interview"	2021-11-29 16:24:31	1	1	21	1	2	F	F	F	F	F	T	F	F	F	F	F	F	F	F	F	F	F	F	F	F	F	F	T	"Kreuzlinger Zeitung "	1	3		3	T	T	F	F	F	T	"Justizinitiative "	F		F		4	3	-1	2	2	"Abstimmungsresultate"	"neues Virusvariante aus Südafrika"		5	5	-9	5	4	-9	2	4	2	1	5	1	4	"8280"	2			20	2	1					5	86	33	13	2	10	41	11	17	86	201	55	1	46	67	29	21	15	3	39	20	33	21	2	12	6	33	2	42	713		2021-11-29 16:40:24	T	F	30	30	11	8	1.13	32
390			"base"	"interview"	2021-11-29 16:40:36	1	2	56	1	5	T	T	T	T	F	F	F	F	F	F	F	F	F	F	F	F	F	F	F	F	F	F	T	"finanzen.ch"	1	4		3	T	T	T	F	F	F		F		F		4	2	2	3	1	"erster Schnee "	"vermehrte Diebstähle "	"neue Virusvariante"	2	4	3	2	2	2	1	3	2	1	3	5	3	"8413"	2			20	1	1					26	12	4	15	2	18	30	14	23	35	91	37	1	44	52	38	29	21	4	31	28	16	15	2	16	18	6	1	7	636		2021-11-29 16:51:13	T	F	30	30	3	1	1.28	44
391			"base"	"interview"	2021-11-29 16:54:52	1	1	85	1	3	F	F	T	F	T	F	F	F	F	F	F	F	F	F	F	F	F	F	F	T	F	F	F		2	4		2	T	F	F	F	F	T	"Ein- und Ausreisebeschränkungen (Ferien)"	F		F		5	4	-1	3	-1	"viel Schnee und Unfälle "	"Queen hat Megan & Harry beleidigt"		4	1	-9	4	3	-9	2	2	3	4	4	5	1	"8457"	1			20	1	2					4	13	9	14	2	12	24	20	29	61	61	174	13	29	25	25	10	14	4	18	19	28	8	5	32	13	3	2	9	657		2021-11-29 17:06:13	T	F	30	30	11	8	1.3	24
392			"base"	"interview"	2021-11-29 17:44:16	1	1	83	1	7	T	F	F	T	T	T	F	F	F	F	F	F	F	F	F	F	F	F	F	T	F	T	T	"Bluewin News"	1	5		3	T	T	F	T	F	F		F		F		4	3	3	2	3	"WHO Omikron ist globales Risiko"	"Omikron vielleicht in HIV-Patienten entstanden"	"Pflege Initiative ja: Löst es auch Probleme?"	5	5	5	5	5	4	1	5	4	4	4	2	4	"9404"	2			1	1	1					4	3	30	10	2	6	65	6	14	21	50	138	3	26	20	17	19	7	7	28	18	9	13	3	12	6	7	1	4	549		2021-11-29 17:53:25	T	F	30	30	3	1	1.59	42
393			"base"	"interview"	2021-11-29 17:49:50	1	1	30	1	4	T	T	F	F	F	F	F	F	F	F	F	F	F	F	F	F	F	F	T	F	F	F	T	"BBC News"	1	3		3	T	T	T	F	F	F		F		F		4	3	3	2	2	"Abstimmung entscheidet aus Öl und Gasheizungen auszusteigen"	"Pflegeinitiative wurde angenommen"	"Neue Coronavaraiation"	4	5	5	3	4	5	2	4	2	1	3	1	3	"8832"	2			18	2	1					16	11	22	59	6	11	49	16	20	72	87	444	31	47	26	8	11	25	4	13	12	12	11	3	22	25	3	3	5	682		2021-11-29 18:07:44	T	F	30	30	3	1	1.09	16
394			"base"	"interview"	2021-11-29 18:22:34	1	1	36	1	2	F	T	T	F	F	F	F	F	F	F	F	F	F	F	F	F	F	F	F	F	F	F	F		1	4		3	T	T	F	F	F	T	"Wintereinbruch in der Schweiz "	F		F		5	3	2	2	1	"Appenzell hat Covidinitiative abgelehnt"	"Viele Menschen fahren noch mit Sommerreifen "	"Gault Millau Punkte wurden verteilt "	3	5	2	4	5	3	1	4	2	1	4	3	4	"8400"	2			20	2	1					4	3	36	10	77	7	25	11	15	39	99	107	2	45	26	16	10	9	3	21	13	13	22	2	7	19	2	2	22	595		2021-11-29 18:33:41	T	F	30	30	3	1	1.39	43
395			"base"	"interview"	2021-11-29 19:00:02	1	2	36	1	3	F	F	T	F	F	F	F	F	F	F	F	F	F	F	F	F	F	F	T	F	F	F	T	"Schweizer Illustrierte, Berner Oberländer (BZ), Jungfrau Zeitung"	1	5		3	T	F	F	F	F	T	"Umweltpolitik"	T	"Gesundheitswesen generell, vor Allem Pflege"	F		4	4	3	4	3	"Neue Virusvariante"	"Corona generell"	"Absage Universiade"	5	5	3	5	3	5	1	3	2	2	4	1	1	"8805"	3			18	1	1					9	135	10	21	3	11	117	11	19	100	70	56	38	53	104	14	19	12	12	51	14	16	22	4	6	14	19	8	5	741		2021-11-29 19:16:16	T	F	30	30	3	0	0.95	8
396			"base"	"interview"	2021-11-29 19:10:12	1	1	84	1	3	F	T	F	F	F	F	F	F	F	F	F	F	F	F	F	F	F	F	F	T	F	F	T	"Tagesschau (TV)"	1	5		3	T	T	F	F	T	F		F		F		4	2	1	2	2	"Corona - Fallzahlen steigen"	"Österreich im Lockdown"	"Lukashenko - Flüchtlinge"	5	4	4	4	4	5	1	4	2	1	3	2	4	"8614"	1		"Frage 14 anders in Kontext einbringen "	6	1	1					6	4	25	32	3	18	46	36	14	30	58	79	32	54	35	40	23	18	15	9	11	14	10	10	13	19	37	6	8	681		2021-11-29 19:21:57	T	F	30	30	0	0	0.98	9
397			"base"	"interview"	2021-11-29 19:11:44	1	1	72	1	5	T	F	T	F	T	T	F	T	F	F	F	F	F	F	F	F	F	F	F	F	F	F	F		1	4		3	T	T	F	T	F	F		F		F		4	3	-2	1	2	"neue Coronamassnahmen"	"Abstimmungsergebnisse"	"neue Nationalratspräsidentin"	5	5	3	5	5	1	1	5	1	1	3	4	4	"9000"	4			7	1	1					13	4	26	10	3	8	45	8	17	38	40	69	20	26	20	10	9	9	13	11	9	13	11	7	5	21	6	15	6	492		2021-11-29 19:19:57	T	F	30	30	3	1	1.32	20
398			"base"	"interview"	2021-11-29 19:13:44	1	1	49	1	6	T	T	T	T	F	F	F	T	F	F	F	F	F	F	F	F	F	F	F	T	F	F	F		1	5		1	T	F	F	F	F	F		F		F		5	3	3	1	1	"Bundeshausplatz dicht gemacht"	"63% Ja zum Coive-Gesetz"	"Lokales Abstimmungsergebniss"	3	5	1	5	5	5	1	5	1	1	4	4	3	"9470"	4			1	1	1					3	36	16	22	2	8	42	10	11	29	34	75	1	47	17	18	11	19	13	30	8	10	13	3	10	26	9	2	5	499		2021-11-29 19:22:34	T	F	30	30	3	1	1.42	40
399			"base"	"interview"	2021-11-29 19:21:42	1	2	83	1	3	F	F	T	F	T	T	F	F	F	F	F	F	F	F	F	F	F	F	F	F	F	F	F		3	4		3	T	T	F	T	F	F		F		F		4	3	-1	1	-1	"Abstimmungsergebnisse"	"Omikron-Variante"	"Wort des Jahres"	5	2	1	5	3	3	1	3	3	2	4	5	1	"9000"	1			7	2	1					24	4	12	6	1	5	18	17	17	42	51	94	29	38	28	9	11	6	9	14	17	11	15	7	9	14	9	18	12	533		2021-11-29 19:30:49	T	F	30	30	3	1	1.31	23
400			"base"	"interview"	2021-11-29 19:22:43	1	2	48	1	1	F	T	F	F	F	F	F	F	F	F	F	F	F	F	F	F	F	F	F	F	F	F	F		1	3		3	T	T	F	F	T	F		F		F		4	3	-1	3	3				-9	-9	-9	-9	-9	-9	-2	2	2	5	2	4	1	"9470"	3			1	1	1					3	19	3	11	2	7	20	7	27	54	37	24	1	3	3	19	14	5	5	18	9	10	10	2	6	16	2	1	15	353		2021-11-29 19:28:36	T	F	30	30	29	26	1.84	104
401			"base"	"interview"	2021-11-29 19:28:46	1	2	84	1	3	F	F	F	F	T	T	F	F	F	F	F	F	F	F	F	F	F	F	F	T	F	F	F		2	5		3	T	T	F	F	F	T	"Weihnachten"	F		F		5	4	2	2	2	"Abstimmung Coronavirus Schweiz"	"Coronabestimmungen Österreich"		5	3	-9	5	3	-9	1	3	2	1	3	4	2	"9470"	2			1	1	1					3	2	2	12	2	9	20	14	18	86	37	39	1	28	19	20	14	5	3	22	11	9	15	1	10	12	2	1	4	421		2021-11-29 19:35:47	T	F	30	30	11	8	1.87	81
402			"base"	"interview"	2021-11-29 19:37:28	1	1	20	1	5	T	T	F	F	F	F	F	F	F	F	F	F	F	F	F	T	F	F	T	F	F	F	T	"Beobachter"	1	3		3	T	T	T	F	F	F		F		F		5	3	3	2	3	"Neue Virusvariante Omikron"	"Emmanuel Macron und Boris Johnson Flüchtlingskrise"	"Schweizer Wirschafts Dachverbände veröffentlichen politisches Programm"	4	-1	4	3	3	4	2	4	2	2	3	1	4	"8712"	4			15	1	1					10	4	68	16	4	49	106	8	53	92	156	266	18	102	47	142	35	51	17	35	30	49	17	10	11	8	73	12	15	1189		2021-11-29 20:02:32	T	F	30	30	3	1	0.63	3
403			"base"	"interview"	2021-11-29 20:15:20	1	2	41	1	1	F	F	F	F	F	F	F	T	F	F	F	F	F	F	F	F	F	F	F	F	F	F	F		1	4		3	T	T	F	F	F	T	"Bundesratentscheide"	F		F		5	3	3	1	3	"Fluchtinvasion Afghanistan"	"Abstimmungsergebnisse"	"wirtschaftliche Schwankungen"	3	5	4	5	5	3	1	3	1	1	3	1	-1	"9014"	2			7	1	1					21	3	16	10	3	7	12	7	18	85	48	89	2	42	27	14	12	7	7	16	18	15	20	2	5	11	6	2	15	540		2021-11-29 20:24:20	T	F	30	30	3	1	1.43	39
404			"base"	"interview"	2021-11-29 20:15:50	1	1	46	1	4	F	F	T	T	F	F	F	F	F	F	F	F	F	F	F	F	F	F	T	F	F	F	T	"Berner Oberländer"	1	5		3	T	T	F	T	F	F		F		F		5	3	2	4	4	"Kampfjet teurer als erwartet"	"Flüchttlingskrise an der Grenze Polens"	"Wintersturm packt Zürich"	4	4	2	5	5	2	1	4	1	1	3	3	4	"8805"	2			18	1	2					9	68	19	54	2	6	75	8	20	101	103	70	28	61	25	9	10	10	7	14	25	10	15	4	16	18	6	2	14	704		2021-11-29 20:29:19	T	F	30	30	3	1	1.13	15
405			"base"	"interview"	2021-11-29 20:22:44	1	1	85	1	4	F	F	T	T	T	F	F	F	F	F	F	F	F	F	F	F	F	F	F	F	F	F	T	"instagram, Bild "	1	4		3	T	F	F	F	F	T	"Schneefall"	T	"WM Qualifikation"	F		4	3	2	2	1	"Ja zum Covid Gesetz"	"Omikron Mutation"	"Booster Impfung"	5	5	4	5	4	2	2	3	3	3	4	2	2	"8105"	3			13	1	1					11	5	68	24	6	4	131	114	33	47	60	61	25	30	16	12	14	16	5	17	11	10	11	2	13	4	10	6	5	579		2021-11-29 20:35:35	T	F	30	30	3	0	1.23	19
406			"base"	"interview"	2021-11-29 20:24:55	1	2	50	1	1	F	F	T	F	F	F	F	F	F	F	F	F	F	F	F	F	F	F	F	F	F	F	F		3	3		3	T	T	F	F	F	T	"Klatsch"	F		F		5	-1	-1	-1	-1	"Abstimmungsergebnisse"	"Omikron-Variante"	"Physiotherapeut verurteilt"	5	5	1	2	3	1	1	1	5	5	4	2	1	"9014"	1			7	1	1					59	40	22	10	1	5	9	9	18	63	51	50	3	28	53	5	5	7	9	13	7	9	11	5	7	22	12	15	12	475		2021-11-29 20:34:16	T	F	30	30	3	1	1.48	45
407			"base"	"interview"	2021-11-29 20:34:27	1	1	33	1	2	F	F	F	F	F	T	F	T	F	F	F	F	F	F	F	F	F	F	F	F	F	F	F		1	4		3	T	T	F	F	F	T	"Sport"	F		F		3	3	-1	3	3	"Abstimmungsergebnisse"	"kantonales Sparkpaket"	"Boosterimpfung-Informationen"	5	3	4	5	4	5	1	4	2	1	4	3	5	"9014"	4			7	1	1					87	6	23	9	2	10	15	8	18	40	56	80	6	33	20	11	12	12	11	15	10	15	14	7	19	18	7	6	21	513		2021-11-29 20:44:19	T	F	30	30	3	1	1.25	20
408			"base"	"interview"	2021-11-29 21:00:23	1	1	83	1	2	F	F	T	F	F	T	F	F	F	F	F	F	F	F	F	F	F	F	F	F	F	F	F		2	4		3	T	T	F	F	F	T	"ändernde Massnahmen"	F		F		4	3	-1	2	2	"Abstimmungsergebnisse"	"Schneefall Schweiz"	"hohe Stimmbeteiligung"	5	3	1	4	3	3	1	3	1	1	2	4	1	"9000"	1			7	2	1					5	4	30	14	2	10	19	10	17	51	50	35	19	39	16	9	9	9	11	9	19	17	30	13	8	21	10	21	14	504		2021-11-29 21:09:04	T	F	30	30	3	1	1.28	20
